company_id,filter_broad_yes,filter_strict_no,filter_broad_yes_strict_no,gemini_total_accepted,gpt5_total_accepted,claude_total_accepted,company_name,Total Headcount,max_headcount,max_population,Stage Reached,category,Organization Name,ml_consensus_round,ml_lower80_round,ml_upper80_round,uncertainty_factor_x,k_methods,outlier_flag_gt3x,ml_share,ml_share_lower80,ml_share_upper80,debiased__filter_broad_yes,debiased__filter_strict_no,debiased__filter_broad_yes_strict_no,debiased__claude_total_accepted,debiased__gpt5_total_accepted,debiased__gemini_total_accepted,filter_broad_yes__zero_replaced,filter_strict_no__zero_replaced,filter_broad_yes_strict_no__zero_replaced,claude_total_accepted__zero_replaced,gpt5_total_accepted__zero_replaced,gemini_total_accepted__zero_replaced,filter_broad_yes__num,filter_strict_no__num,filter_broad_yes_strict_no__num,claude_total_accepted__num,gpt5_total_accepted__num,gemini_total_accepted__num,filter_broad_yes__adj,filter_strict_no__adj,filter_broad_yes_strict_no__adj,claude_total_accepted__adj,gpt5_total_accepted__adj,gemini_total_accepted__adj
tata-consultancy-services,3200.0,5400.0,305.0,,,,Tata Consultancy Services,640000,True,True,,,Tata Consultancy Services,3200,488,4863,9.964950285647877,3,True,0.005,0.0007625,0.0075984375,3200.0000000000027,5400.000000000003,305.00000000000006,,,,False,False,False,False,False,False,3200.0,5400.0,305.0,,,,3200.0,5400.0,305.0,,,
accenture,3500.0,3400.0,186.0,,,,Accenture,550000,True,True,,,Accenture,3400,333,3480,10.462707402242248,3,True,0.0061818181818181816,0.0006054545454545454,0.006327272727272727,3499.9999999999995,3399.999999999999,186.00000000000009,,,,False,False,False,False,False,False,3500.0,3400.0,186.0,,,,3500.0,3400.0,186.0,,,
deloitte,3700.0,2200.0,171.0,,,,Deloitte,430000,True,True,,,Deloitte,2200,285,3335,11.69942427939534,3,True,0.0051162790697674414,0.0006627906976744186,0.007755813953488372,3699.9999999999995,2199.9999999999995,171.00000000000009,,,,False,False,False,False,False,False,3700.0,2200.0,171.0,,,,3700.0,2200.0,171.0,,,
cognizant,1600.0,1300.0,85.0,,,,Cognizant,300000,True,True,,,Cognizant,1300,147,1535,10.465520808833686,3,True,0.004333333333333333,0.00049,0.005116666666666667,1599.9999999999998,1300.0,85.00000000000001,,,,False,False,False,False,False,False,1600.0,1300.0,85.0,,,,1600.0,1300.0,85.0,,,
ibm,3900.0,2300.0,443.0,,,,IBM,290000,True,True,,,IBM,2300,616,3509,5.698082129184202,3,True,0.007931034482758621,0.002124137931034483,0.0121,3899.9999999999977,2300.000000000001,443.0,,,,False,False,False,False,False,False,3900.0,2300.0,443.0,,,,3900.0,2300.0,443.0,,,
capgemini,1500.0,2100.0,103.0,,,,Capgemini,260000,True,True,,,Capgemini,1500,176,1963,11.155926801487757,3,True,0.0057692307692307696,0.0006769230769230769,0.00755,1500.0,2100.0,103.00000000000001,,,,False,False,False,False,False,False,1500.0,2100.0,103.0,,,,1500.0,2100.0,103.0,,,
genpact,582.0,384.0,28.0,,,,Genpact,130000,True,True,,,Genpact,384,47,536,11.32953179748177,3,True,0.0029538461538461537,0.00036153846153846154,0.004123076923076923,582.0000000000002,384.0,27.999999999999996,,,,False,False,False,False,False,False,582.0,384.0,28.0,,,,582.0,384.0,28.0,,,
357,97.0,31.0,5.0,,,,WA,87000,True,True,,,WA,31,7,77,10.721150287831128,3,True,0.0003563218390804598,8.045977011494253e-05,0.0008850574712643678,97.0,31.0,4.999999999999999,,,,False,False,False,False,False,False,97.0,31.0,5.0,,,,97.0,31.0,5.0,,,
fusion-bpo-services,312.0,178.0,48.0,,,,Fusion,85000,True,True,,,Fusion,178,62,279,4.470238404401549,3,True,0.0020941176470588236,0.0007294117647058824,0.0032823529411764706,312.00000000000006,177.99999999999997,48.00000000000001,,,,False,False,False,False,False,False,312.0,178.0,48.0,,,,312.0,178.0,48.0,,,
1374,161.0,166.0,21.0,,,,Fujitsu,62000,True,True,,,Fujitsu,161,32,165,5.2277045465932455,3,True,0.002596774193548387,0.0005161290322580645,0.002661290322580645,161.00000000000003,166.00000000000006,21.0,,,,False,False,False,False,False,False,161.0,166.0,21.0,,,,161.0,166.0,21.0,,,
sutherland-global,90.0,47.0,9.0,,,,Sutherland,58000,True,True,,,Sutherland,47,13,79,6.309573444801935,3,True,0.0008103448275862069,0.00022413793103448276,0.0013620689655172414,90.0,46.99999999999999,9.000000000000002,,,,False,False,False,False,False,False,90.0,47.0,9.0,,,,90.0,47.0,9.0,,,
physicsh2020,0.0,0.0,0.0,,,,Physics,47000,True,False,,,Physics,0,0,0,1.0,3,False,0.0,0.0,0.0,0.5,0.5,0.5,,,,True,True,True,False,False,False,0.0,0.0,0.0,,,,0.5,0.5,0.5,,,
supply-solutions---procurement-consulting-services,0.0,0.0,0.0,,,,Supply Solutions,47000,True,False,,,Supply Solutions,0,0,0,1.0,3,False,0.0,0.0,0.0,0.5,0.5,0.5,,,,True,True,True,False,False,False,0.0,0.0,0.0,,,,0.5,0.5,0.5,,,
booz-allen-hamilton,715.0,202.0,46.0,281.0,93.0,25.0,Booz Allen Hamilton,41000,True,True,,,Booz Allen Hamilton,129,46,380,8.28473676969541,6,True,0.0031463414634146343,0.001121951219512195,0.009268292682926829,714.9999999999999,202.00000000000006,46.0,45.744844035174275,93.00000000000003,177.72000450146277,False,False,False,False,False,False,715.0,202.0,46.0,25.0,93.0,281.0,715.0,202.0,46.0,25.0,93.0,281.0
and-technology-research-ltd.,0.0,0.0,0.0,,,,AND Technology Research,38000,True,False,,,AND Technology Research,0,0,0,1.0,3,False,0.0,0.0,0.0,0.5,0.5,0.5,,,,True,True,True,False,False,False,0.0,0.0,0.0,,,,0.5,0.5,0.5,,,
208401,92.0,199.0,9.0,,,,FPT Software,26000,True,True,,,FPT Software,92,14,171,11.903877625364899,3,True,0.0035384615384615385,0.0005384615384615384,0.0065769230769230766,92.00000000000001,198.99999999999997,9.000000000000002,,,,False,False,False,False,False,False,92.0,199.0,9.0,,,,92.0,199.0,9.0,,,
publicissapient,356.0,151.0,20.0,150.0,31.0,2.0,Publicis Sapient,21000,True,True,,,Publicis Sapient,54,9,232,27.10081837766971,6,True,0.0025714285714285713,0.00042857142857142855,0.011047619047619047,356.0,151.0,19.999999999999996,3.659587522813943,31.0,94.86832980505132,False,False,False,False,False,False,356.0,151.0,20.0,2.0,31.0,150.0,356.0,151.0,20.0,2.0,31.0,150.0
avanade,200.0,174.0,11.0,106.0,22.0,2.0,Avanade,17000,True,True,,,Avanade,38,6,187,29.40202281747595,6,True,0.002235294117647059,0.00035294117647058826,0.011,199.99999999999991,174.0,11.000000000000002,3.659587522813943,22.000000000000004,67.04028639556965,False,False,False,False,False,False,200.0,174.0,11.0,2.0,22.0,106.0,200.0,174.0,11.0,2.0,22.0,106.0
swisscom,87.0,70.0,9.0,66.0,34.0,6.0,Swisscom,15000,True,True,,,Swisscom,38,10,78,7.85074181582673,6,True,0.002533333333333333,0.0006666666666666666,0.0052,87.0,70.00000000000003,9.000000000000002,10.978762568441827,34.00000000000001,41.74206511422259,False,False,False,False,False,False,87.0,70.0,9.0,6.0,34.0,66.0,87.0,70.0,9.0,6.0,34.0,66.0
nec,54.0,74.0,22.0,102.0,43.0,24.0,NEC Corporation,11000,True,True,,,NEC Corporation,49,31,69,2.2463911287601492,6,False,0.004454545454545455,0.002818181818181818,0.006272727272727273,54.00000000000001,74.00000000000003,22.000000000000004,43.915050273767314,43.0,64.51046426743494,False,False,False,False,False,False,54.0,74.0,22.0,24.0,43.0,102.0,54.0,74.0,22.0,24.0,43.0,102.0
yandex,232.0,521.0,67.0,528.0,291.0,142.0,Yandex,9900,True,True,,,Yandex,275,125,417,3.345564652385111,6,True,0.027777777777777776,0.012626262626262626,0.04212121212121212,231.99999999999997,521.0,66.99999999999997,259.83071411978995,291.0000000000001,333.93652091378067,False,False,False,False,False,False,232.0,521.0,67.0,142.0,291.0,528.0,232.0,521.0,67.0,142.0,291.0,528.0
ipe-maintenance-et-solutions-informatique,10.0,10.0,0.0,,,,ipe,9400,True,True,,,ipe,10,1,10,10.985605433061178,3,True,0.0010638297872340426,0.00010638297872340425,0.0010638297872340426,10.000000000000002,10.000000000000002,0.5,,,,False,False,True,False,False,False,10.0,10.0,0.0,,,,10.0,10.0,0.5,,,
encorainc,83.0,57.0,5.0,,,,Encora,7200,True,True,,,Encora,57,8,77,9.464255811723303,3,True,0.007916666666666667,0.0011111111111111111,0.010694444444444444,83.00000000000003,57.00000000000001,4.999999999999999,,,,False,False,False,False,False,False,83.0,57.0,5.0,,,,83.0,57.0,5.0,,,
scaleai,594.0,221.0,68.0,326.0,179.0,82.0,Scale AI,5800,True,True,,,Scale AI,192,101,362,3.5869630711679927,6,True,0.03310344827586207,0.017413793103448275,0.06241379310344827,594.0000000000001,220.99999999999991,68.00000000000001,150.0430884353717,179.0,206.18050344297845,False,False,False,False,False,False,594.0,221.0,68.0,82.0,179.0,326.0,594.0,221.0,68.0,82.0,179.0,326.0
lgcns,40.0,63.0,11.0,98.0,41.0,13.0,LG CNS,5400,True,True,,,LG CNS,40,16,62,3.8630401361588578,6,True,0.007407407407407408,0.002962962962962963,0.011481481481481481,40.0,62.99999999999999,11.000000000000002,23.78731889829063,41.00000000000001,61.98064213930023,False,False,False,False,False,False,40.0,63.0,11.0,13.0,41.0,98.0,40.0,63.0,11.0,13.0,41.0,98.0
pwc,0.0,0.0,0.0,,,,PricewaterhouseCoopers,5100,True,False,,,PricewaterhouseCoopers,0,0,0,1.0,3,False,0.0,0.0,0.0,0.5,0.5,0.5,,,,True,True,True,False,False,False,0.0,0.0,0.0,,,,0.5,0.5,0.5,,,
the-ifish-group-inc-,13.0,6.0,0.0,,,,IFG,4800,True,True,,,IFG,6,1,11,13.551228811604874,3,True,0.00125,0.00020833333333333335,0.0022916666666666667,13.0,6.0,0.5,,,,False,False,True,False,False,False,13.0,6.0,0.0,,,,13.0,6.0,0.5,,,
saitsrl,37.0,3.0,0.0,,,,SAIT,4800,True,True,,,SAIT,3,1,22,31.288545577058148,3,True,0.000625,0.00020833333333333335,0.004583333333333333,36.99999999999999,3.0000000000000004,0.5,,,,False,False,True,False,False,False,37.0,3.0,0.0,,,,37.0,3.0,0.5,,,
cas-concepts-and-solutions-ag,30.0,9.0,2.0,,,,CAS,4600,True,True,,,CAS,9,3,24,8.727161387290323,3,True,0.001956521739130435,0.0006521739130434783,0.0052173913043478265,30.000000000000004,9.000000000000002,2.0,,,,False,False,False,False,False,False,30.0,9.0,2.0,,,,30.0,9.0,2.0,,,
quantiphi,279.0,195.0,23.0,188.0,92.0,17.0,Quantiphi,3800,True,True,,,Quantiphi,105,27,233,8.720270510543617,6,True,0.02763157894736842,0.007105263157894737,0.06131578947368421,278.99999999999994,195.0,23.0,31.106493943918515,92.00000000000001,118.90164002233112,False,False,False,False,False,False,279.0,195.0,23.0,17.0,92.0,188.0,279.0,195.0,23.0,17.0,92.0,188.0
bairesdev,60.0,20.0,0.0,28.0,12.0,2.0,BairesDev,3100,True,True,,,BairesDev,15,1,35,25.608819067351668,6,True,0.004838709677419355,0.0003225806451612903,0.01129032258064516,59.999999999999986,19.999999999999996,0.5,3.659587522813943,12.0,17.70875489694292,False,False,True,False,False,False,60.0,20.0,0.0,2.0,12.0,28.0,60.0,20.0,0.5,2.0,12.0,28.0
kainos,26.0,16.0,0.0,5.0,3.0,,Kainos,2900,True,True,,,Kainos,3,1,21,20.91228540255916,5,True,0.0010344827586206897,0.0003448275862068965,0.007241379310344828,26.000000000000004,15.999999999999998,0.5,,3.0000000000000004,3.162277660168379,False,False,True,False,False,False,26.0,16.0,0.0,,3.0,5.0,26.0,16.0,0.5,,3.0,5.0
bcg-x,219.0,69.0,15.0,103.0,45.0,12.0,BCG X,2600,True,True,,,BCG X,54,18,123,6.7734398571026775,6,True,0.02076923076923077,0.006923076923076923,0.04730769230769231,219.00000000000003,69.00000000000001,15.0,21.957525136883657,44.99999999999999,65.14291979946859,False,False,False,False,False,False,219.0,69.0,15.0,12.0,45.0,103.0,219.0,69.0,15.0,12.0,45.0,103.0
tech-valley-tvy,0.0,0.0,0.0,,,,Tech Valley,2300,True,False,,,Tech Valley,0,0,0,1.0,3,False,0.0,0.0,0.0,0.5,0.5,0.5,,,,True,True,True,False,False,False,0.0,0.0,0.0,,,,0.5,0.5,0.5,,,
eleks,5.0,12.0,1.0,3.0,,,ELEKS,1900,True,True,,,ELEKS,3,1,9,7.615045426773732,4,True,0.0015789473684210526,0.0005263157894736842,0.004736842105263158,4.999999999999999,12.0,1.0,,,1.8973665961010278,False,False,False,False,False,False,5.0,12.0,1.0,,,3.0,5.0,12.0,1.0,,,3.0
65,16.0,24.0,1.0,,,,twoday,1900,True,True,,,twoday,16,2,22,12.710686092585746,3,True,0.008421052631578947,0.0010526315789473684,0.011578947368421053,15.999999999999998,24.000000000000004,1.0,,,,False,False,False,False,False,False,16.0,24.0,1.0,,,,16.0,24.0,1.0,,,
10921,6.0,7.0,0.0,,,,Itransition,1500,True,True,,,Itransition,6,1,7,8.258523872989457,3,True,0.004,0.0006666666666666666,0.004666666666666667,6.0,6.999999999999999,0.5,,,,False,False,True,False,False,False,6.0,7.0,0.0,,,,6.0,7.0,0.5,,,
galaxe-solutions,4.0,9.0,0.0,,,,GalaxE.Solutions,1300,True,True,,,GalaxE.Solutions,4,1,8,10.097596309015799,3,True,0.003076923076923077,0.0007692307692307692,0.006153846153846154,4.0,9.000000000000002,0.5,,,,False,False,True,False,False,False,4.0,9.0,0.0,,,,4.0,9.0,0.5,,,
navercloud,44.0,57.0,18.0,135.0,107.0,78.0,Naver Cloud,1300,True,True,,,Naver Cloud,70,28,124,4.391143912982526,6,True,0.05384615384615385,0.021538461538461538,0.09538461538461539,43.99999999999999,57.00000000000001,17.999999999999996,142.72391338974376,106.99999999999996,85.38149682454629,False,False,False,False,False,False,44.0,57.0,18.0,78.0,107.0,135.0,44.0,57.0,18.0,78.0,107.0,135.0
unique-micro-design-pty-ltd,11.0,6.0,3.0,,,,UMD,1300,True,True,,,UMD,6,3,10,2.827594604914789,3,False,0.004615384615384616,0.002307692307692308,0.007692307692307693,11.000000000000002,6.0,3.0000000000000004,,,,False,False,False,False,False,False,11.0,6.0,3.0,,,,11.0,6.0,3.0,,,
g-research,69.0,43.0,19.0,49.0,23.0,16.0,G-Research,1100,True,True,,,G-Research,30,21,54,2.6056618514708565,6,False,0.02727272727272727,0.019090909090909092,0.04909090909090909,69.00000000000001,43.0,18.999999999999996,29.276700182511536,23.0,30.99032106965011,False,False,False,False,False,False,69.0,43.0,19.0,16.0,23.0,49.0,69.0,43.0,19.0,16.0,23.0,49.0
coherent-solutions,6.0,7.0,1.0,4.0,2.0,,Coherent Solutions,1100,True,True,,,Coherent Solutions,3,1,7,4.987780418521561,5,False,0.0027272727272727275,0.0009090909090909091,0.006363636363636364,6.0,6.999999999999999,1.0,,2.0,2.529822128134703,False,False,False,False,False,False,6.0,7.0,1.0,,2.0,4.0,6.0,7.0,1.0,,2.0,4.0
515,0.0,0.0,0.0,,,,Lucent Technologies,1000,True,False,,,Lucent Technologies,0,0,0,1.0,3,False,0.0,0.0,0.0,0.5,0.5,0.5,,,,True,True,True,False,False,False,0.0,0.0,0.0,,,,0.5,0.5,0.5,,,
facultyai,83.0,39.0,15.0,48.0,41.0,7.0,Faculty,939,True,True,,,Faculty,34,14,58,4.208576770445933,6,False,0.0362087326943557,0.014909478168264111,0.0617678381256656,83.00000000000003,38.99999999999999,15.0,12.808556329848802,41.00000000000001,30.357865537616448,False,False,False,False,False,False,83.0,39.0,15.0,7.0,41.0,48.0,83.0,39.0,15.0,7.0,41.0,48.0
cohere-ai,187.0,75.0,45.0,136.0,112.0,85.0,Cohere,831,True,True,,,Cohere,98,58,171,2.935583573130516,6,False,0.11793020457280386,0.06979542719614922,0.20577617328519857,187.00000000000003,74.99999999999997,44.99999999999999,155.5324697195926,111.99999999999996,86.01395235657998,False,False,False,False,False,False,187.0,75.0,45.0,85.0,112.0,136.0,187.0,75.0,45.0,85.0,112.0,136.0
cambridge-consultants,26.0,14.0,3.0,27.0,11.0,3.0,Cambridge Consultants,794,True,True,,,Cambridge Consultants,12,4,21,5.192317345078822,6,True,0.015113350125944584,0.005037783375314861,0.02644836272040302,26.000000000000004,13.999999999999996,3.0000000000000004,5.489381284220914,11.000000000000002,17.07629936490925,False,False,False,False,False,False,26.0,14.0,3.0,3.0,11.0,27.0,26.0,14.0,3.0,3.0,11.0,27.0
cerebras-systems,142.0,71.0,22.0,142.0,76.0,69.0,Cerebras Systems,726,True,True,,,Cerebras Systems,83,40,134,3.387889790215101,6,True,0.11432506887052342,0.05509641873278237,0.18457300275482094,142.00000000000003,71.0,22.000000000000004,126.25576953708105,76.0,89.80868554878202,False,False,False,False,False,False,142.0,71.0,22.0,69.0,76.0,142.0,142.0,71.0,22.0,69.0,76.0,142.0
akvelon,13.0,10.0,0.0,5.0,2.0,1.0,Akvelon,688,True,True,,,Akvelon,3,1,11,11.920256556464862,6,True,0.00436046511627907,0.0014534883720930232,0.015988372093023256,13.0,10.000000000000002,0.5,1.8297937614069713,2.0,3.162277660168379,False,False,True,False,False,False,13.0,10.0,0.0,1.0,2.0,5.0,13.0,10.0,0.5,1.0,2.0,5.0
166110,39.0,10.0,7.0,,,,Science Systems and Applications,652,True,True,,,Science Systems and Applications,10,8,30,3.951602519032332,3,True,0.015337423312883436,0.012269938650306749,0.046012269938650305,38.99999999999999,10.000000000000002,6.999999999999999,,,,False,False,False,False,False,False,39.0,10.0,7.0,,,,39.0,10.0,7.0,,,
coexya,3.0,15.0,1.0,7.0,3.0,1.0,Coexya,648,True,True,,,Coexya,3,1,8,6.0243275380239085,6,True,0.004629629629629629,0.0015432098765432098,0.012345679012345678,3.0000000000000004,15.0,1.0,1.8297937614069713,3.0000000000000004,4.427188724235731,False,False,False,False,False,False,3.0,15.0,1.0,1.0,3.0,7.0,3.0,15.0,1.0,1.0,3.0,7.0
polestar-analytics,13.0,13.0,2.0,2.0,1.0,,Polestar Analytics,647,True,True,,,Polestar Analytics,2,1,13,11.833667319669523,5,True,0.0030911901081916537,0.0015455950540958269,0.02009273570324575,13.0,13.0,2.0,,1.0,1.2649110640673518,False,False,False,False,False,False,13.0,13.0,2.0,,1.0,2.0,13.0,13.0,2.0,,1.0,2.0
bespinglobal,1.0,4.0,1.0,,,,Bespin Global,605,True,False,,,Bespin Global,1,1,3,3.0314331330207964,3,True,0.001652892561983471,0.001652892561983471,0.0049586776859504135,1.0,4.0,1.0,,,,False,False,False,False,False,False,1.0,4.0,1.0,,,,1.0,4.0,1.0,,,
omdena,214.0,46.0,65.0,32.0,13.0,2.0,Omdena,556,True,True,,,Omdena,31,7,118,17.09920109008579,6,True,0.05575539568345324,0.012589928057553957,0.21223021582733814,213.99999999999994,46.0,64.99999999999999,3.659587522813943,13.0,20.23857702507763,False,False,False,False,False,False,214.0,46.0,65.0,2.0,13.0,32.0,214.0,46.0,65.0,2.0,13.0,32.0
quantumblack,107.0,33.0,10.0,52.0,27.0,4.0,QuantumBlack,523,True,True,,,QuantumBlack,30,9,59,6.945728317222502,6,True,0.05736137667304015,0.017208413001912046,0.11281070745697896,106.99999999999996,33.0,10.000000000000002,7.319175045627885,27.0,32.88768766575115,False,False,False,False,False,False,107.0,33.0,10.0,4.0,27.0,52.0,107.0,33.0,10.0,4.0,27.0,52.0
stratpoint,5.0,6.0,1.0,4.0,1.0,,Stratpoint Technologies,522,True,True,,,Stratpoint Technologies,3,1,6,5.5780031086491375,5,False,0.005747126436781609,0.0019157088122605363,0.011494252873563218,4.999999999999999,6.0,1.0,,1.0,2.529822128134703,False,False,False,False,False,False,5.0,6.0,1.0,,1.0,4.0,5.0,6.0,1.0,,1.0,4.0
presight-ai,27.0,10.0,2.0,25.0,13.0,3.0,Presight,510,True,True,,,Presight,11,3,21,6.235771428282024,6,True,0.021568627450980392,0.0058823529411764705,0.041176470588235294,27.0,10.000000000000002,2.0,5.489381284220914,13.0,15.811388300841893,False,False,False,False,False,False,27.0,10.0,2.0,3.0,13.0,25.0,27.0,10.0,2.0,3.0,13.0,25.0
datascience.co.il,116.0,49.0,22.0,,,,Data Science Group,490,True,True,,,Data Science Group,49,26,98,3.7811877891234023,3,False,0.1,0.053061224489795916,0.2,115.99999999999999,48.99999999999999,22.000000000000004,,,,False,False,False,False,False,False,116.0,49.0,22.0,,,,116.0,49.0,22.0,,,
saxonai,5.0,8.0,0.0,3.0,1.0,,Saxon AI,484,True,True,,,Saxon AI,2,1,7,10.047545726038319,5,True,0.004132231404958678,0.002066115702479339,0.014462809917355372,4.999999999999999,7.999999999999998,0.5,,1.0,1.8973665961010278,False,False,True,False,False,False,5.0,8.0,0.0,,1.0,3.0,5.0,8.0,0.5,,1.0,3.0
sambanova,68.0,42.0,11.0,63.0,21.0,15.0,SambaNova Systems,474,True,True,,,SambaNova Systems,33,15,53,3.516196291966132,6,True,0.06962025316455696,0.03164556962025317,0.11181434599156118,68.00000000000001,42.00000000000001,11.000000000000002,27.44690642110457,21.0,39.844698518121575,False,False,False,False,False,False,68.0,42.0,11.0,15.0,21.0,63.0,68.0,42.0,11.0,15.0,21.0,63.0
mistralai,76.0,51.0,31.0,93.0,62.0,59.0,Mistral AI,442,True,True,,,Mistral AI,60,40,91,2.2780745815173917,6,False,0.13574660633484162,0.09049773755656108,0.20588235294117646,76.0,51.0,31.0,107.95783192301134,62.00000000000001,58.81836447913185,False,False,False,False,False,False,76.0,51.0,31.0,59.0,62.0,93.0,76.0,51.0,31.0,59.0,62.0,93.0
megvii%E6%97%B7%E8%A7%86,12.0,21.0,7.0,107.0,65.0,34.0,MEGVII,428,True,True,,,MEGVII,36,9,66,7.236422611061592,6,True,0.08411214953271028,0.02102803738317757,0.1542056074766355,12.0,21.0,6.999999999999999,62.21298788783704,64.99999999999999,67.67274192760333,False,False,False,False,False,False,12.0,21.0,7.0,34.0,65.0,107.0,12.0,21.0,7.0,34.0,65.0,107.0
technology-control-co-,5.0,1.0,0.0,6.0,2.0,1.0,Technology Control Corporation,418,True,True,,,Technology Control Corporation,2,1,4,6.160140576482046,6,True,0.004784688995215311,0.0023923444976076554,0.009569377990430622,4.999999999999999,1.0,0.5,1.8297937614069713,2.0,3.794733192202055,False,False,True,False,False,False,5.0,1.0,0.0,1.0,2.0,6.0,5.0,1.0,0.5,1.0,2.0,6.0
46119?trk=tyah&trkInfo=tas%3Acharter%20g%2Cidx%3A1-1-1,3.0,0.0,0.0,,,,Charter Global,395,True,False,,,Charter Global,0,0,2,4.192962712629476,3,True,0.0,0.0,0.005063291139240506,3.0000000000000004,0.5,0.5,,,,False,True,True,False,False,False,3.0,0.0,0.0,,,,3.0,0.5,0.5,,,
estsoft-corp,0.0,0.0,0.0,10.0,8.0,2.0,ESTsoft,388,True,True,,,ESTsoft,1,0,7,14.226235280311382,6,True,0.002577319587628866,0.0,0.01804123711340206,0.5,0.5,0.5,3.659587522813943,7.999999999999998,6.32455532033676,True,True,True,False,False,False,0.0,0.0,0.0,2.0,8.0,10.0,0.5,0.5,0.5,2.0,8.0,10.0
vrizeinc,2.0,4.0,1.0,1.0,,,VRIZE,373,True,False,,,VRIZE,1,1,3,4.477442277136681,4,False,0.002680965147453083,0.002680965147453083,0.00804289544235925,2.0,4.0,1.0,,,0.6324555320336759,False,False,False,False,False,False,2.0,4.0,1.0,,,1.0,2.0,4.0,1.0,,,1.0
closer,14.0,8.0,2.0,7.0,1.0,,Closer Consulting,361,True,True,,,Closer Consulting,4,1,11,8.482049799365281,5,True,0.0110803324099723,0.002770083102493075,0.030470914127423823,13.999999999999996,7.999999999999998,2.0,,1.0,4.427188724235731,False,False,False,False,False,False,14.0,8.0,2.0,,1.0,7.0,14.0,8.0,2.0,,1.0,7.0
redmane-technology,6.0,5.0,0.0,1.0,1.0,,RedMane Technology LLC,351,True,True,,,RedMane Technology LLC,1,1,6,10.155112783974815,5,True,0.002849002849002849,0.002849002849002849,0.017094017094017096,6.0,4.999999999999999,0.5,,1.0,0.6324555320336759,False,False,True,False,False,False,6.0,5.0,0.0,,1.0,1.0,6.0,5.0,0.5,,1.0,1.0
edvantis,1.0,2.0,0.0,1.0,,,Edvantis,343,True,False,,,Edvantis,1,1,2,3.027840510325686,4,False,0.0029154518950437317,0.0029154518950437317,0.0058309037900874635,1.0,2.0,0.5,,,0.6324555320336759,False,False,True,False,False,False,1.0,2.0,0.0,,,1.0,1.0,2.0,0.5,,,1.0
activefence,9.0,10.0,2.0,7.0,3.0,2.0,ActiveFence,334,True,True,,,ActiveFence,4,2,9,3.8729833462074175,6,False,0.011976047904191617,0.005988023952095809,0.02694610778443114,9.000000000000002,10.000000000000002,2.0,3.659587522813943,3.0000000000000004,4.427188724235731,False,False,False,False,False,False,9.0,10.0,2.0,2.0,3.0,7.0,9.0,10.0,2.0,2.0,3.0,7.0
futureweitechnologiesinc.,46.0,11.0,9.0,,,,Futurewei Technologies,327,True,True,,,Futurewei Technologies,11,9,35,3.6881812682824884,3,True,0.03363914373088685,0.027522935779816515,0.10703363914373089,46.0,11.000000000000002,9.000000000000002,,,,False,False,False,False,False,False,46.0,11.0,9.0,,,,46.0,11.0,9.0,,,
techahead,6.0,2.0,0.0,1.0,,,TechAhead,310,True,True,,,TechAhead,1,1,4,8.04316304033047,4,True,0.0032258064516129032,0.0032258064516129032,0.012903225806451613,6.0,2.0,0.5,,,0.6324555320336759,False,False,True,False,False,False,6.0,2.0,0.0,,,1.0,6.0,2.0,0.5,,,1.0
preferred-networks,49.0,72.0,24.0,106.0,72.0,45.0,Preferred Networks,303,True,True,,,Preferred Networks,69,34,77,2.245276937556997,6,False,0.22772277227722773,0.11221122112211221,0.25412541254125415,48.99999999999999,72.0,24.000000000000004,82.3407192633137,72.0,67.04028639556965,False,False,False,False,False,False,49.0,72.0,24.0,45.0,72.0,106.0,49.0,72.0,24.0,45.0,72.0,106.0
cloud-temple,1.0,5.0,1.0,2.0,1.0,,Cloud Temple,302,True,True,,,Cloud Temple,1,1,3,2.885399811814427,5,True,0.0033112582781456954,0.0033112582781456954,0.009933774834437087,1.0,4.999999999999999,1.0,,1.0,1.2649110640673518,False,False,False,False,False,False,1.0,5.0,1.0,,1.0,2.0,1.0,5.0,1.0,,1.0,2.0
kamtech-associates-pvt-ltd,2.0,0.0,0.0,,,,KAMTECH,296,True,False,,,KAMTECH,0,0,2,3.0314331330207964,3,True,0.0,0.0,0.006756756756756757,2.0,0.5,0.5,,,,False,True,True,False,False,False,2.0,0.0,0.0,,,,2.0,0.5,0.5,,,
beyond-ai,18.0,3.0,1.0,16.0,9.0,,Beyond Limits,295,True,True,,,Beyond Limits,9,2,14,9.212446791297058,5,True,0.030508474576271188,0.006779661016949152,0.04745762711864407,17.999999999999996,3.0000000000000004,1.0,,9.000000000000002,10.119288512538812,False,False,False,False,False,False,18.0,3.0,1.0,,9.0,16.0,18.0,3.0,1.0,,9.0,16.0
kyanon,2.0,5.0,1.0,4.0,1.0,,Kyanon Digital,294,True,True,,,Kyanon Digital,2,1,4,3.807307877431757,5,False,0.006802721088435374,0.003401360544217687,0.013605442176870748,2.0,4.999999999999999,1.0,,1.0,2.529822128134703,False,False,False,False,False,False,2.0,5.0,1.0,,1.0,4.0,2.0,5.0,1.0,,1.0,4.0
lighton,6.0,5.0,0.0,13.0,8.0,5.0,LightOn,287,True,True,,,LightOn,7,2,9,5.485329785796495,6,True,0.024390243902439025,0.006968641114982578,0.0313588850174216,6.0,4.999999999999999,0.5,9.148968807034858,7.999999999999998,8.221921916437786,False,False,True,False,False,False,6.0,5.0,0.0,5.0,8.0,13.0,6.0,5.0,0.5,5.0,8.0,13.0
software-systems-llc,0.0,0.0,0.0,,,,Software Systems,264,True,False,,,Software Systems,0,0,0,1.0,3,False,0.0,0.0,0.0,0.5,0.5,0.5,,,,True,True,True,False,False,False,0.0,0.0,0.0,,,,0.5,0.5,0.5,,,
q_agency,2.0,0.0,0.0,2.0,1.0,,Q agency,261,True,False,,,Q agency,1,0,2,3.330212829607493,5,False,0.0038314176245210726,0.0,0.007662835249042145,2.0,0.5,0.5,,1.0,1.2649110640673518,False,True,True,False,False,False,2.0,0.0,0.0,,1.0,2.0,2.0,0.5,0.5,,1.0,2.0
siloai,85.0,44.0,19.0,,,,Silo.AI,239,True,True,,,Silo.AI,44,22,75,3.3153719579696492,3,False,0.18410041841004185,0.09205020920502092,0.3138075313807531,85.00000000000001,43.99999999999999,18.999999999999996,,,,False,False,False,False,False,False,85.0,44.0,19.0,,,,85.0,44.0,19.0,,,
quantco,58.0,30.0,14.0,58.0,37.0,23.0,QuantCo,237,True,True,,,QuantCo,37,20,49,2.410762020269435,6,False,0.15611814345991562,0.08438818565400844,0.20675105485232068,57.999999999999986,30.000000000000004,13.999999999999996,42.08525651236034,36.99999999999999,36.68242085795319,False,False,False,False,False,False,58.0,30.0,14.0,23.0,37.0,58.0,58.0,30.0,14.0,23.0,37.0,58.0
infocusp,38.0,17.0,8.0,30.0,17.0,2.0,InFocusp,228,True,True,,,InFocusp,17,5,27,4.962566744504266,6,True,0.07456140350877193,0.021929824561403508,0.11842105263157894,37.99999999999999,17.0,7.999999999999998,3.659587522813943,17.0,18.973665961010276,False,False,False,False,False,False,38.0,17.0,8.0,2.0,17.0,30.0,38.0,17.0,8.0,2.0,17.0,30.0
pyramid-cgi,0.0,0.0,0.0,,,,Pyramid Consulting Group,226,True,False,,,Pyramid Consulting Group,0,0,0,1.0,3,False,0.0,0.0,0.0,0.5,0.5,0.5,,,,True,True,True,False,False,False,0.0,0.0,0.0,,,,0.5,0.5,0.5,,,
sieger-consulting,1.0,1.0,0.0,,,,Sieger,220,True,False,,,Sieger,1,1,1,1.7411011265922482,3,False,0.004545454545454545,0.004545454545454545,0.004545454545454545,1.0,1.0,0.5,,,,False,False,True,False,False,False,1.0,1.0,0.0,,,,1.0,1.0,0.5,,,
mobcoder-llc,3.0,4.0,0.0,,,,Mobcoder,219,True,False,,,Mobcoder,3,1,4,5.278031643091578,3,True,0.0136986301369863,0.0045662100456621,0.0182648401826484,3.0000000000000004,4.0,0.5,,,,False,False,True,False,False,False,3.0,4.0,0.0,,,,3.0,4.0,0.5,,,
leewayhertz-technologies,9.0,5.0,0.0,7.0,,,LeewayHertz Technologies,211,True,True,,,LeewayHertz Technologies,5,1,8,7.844104019879378,4,True,0.023696682464454975,0.004739336492890996,0.037914691943127965,9.000000000000002,4.999999999999999,0.5,,,4.427188724235731,False,False,True,False,False,False,9.0,5.0,0.0,,,7.0,9.0,5.0,0.5,,,7.0
megamax-services,0.0,2.0,0.0,,,,Megamax Services,210,True,False,,,Megamax Services,0,0,2,3.0314331330207964,3,True,0.0,0.0,0.009523809523809525,0.5,2.0,0.5,,,,True,False,True,False,False,False,0.0,2.0,0.0,,,,0.5,2.0,0.5,,,
avertra,0.0,1.0,0.0,1.0,,,Avertra,207,True,False,,,Avertra,1,0,1,1.7431669947912323,4,False,0.004830917874396135,0.0,0.004830917874396135,0.5,1.0,0.5,,,0.6324555320336759,True,False,True,False,False,False,0.0,1.0,0.0,,,1.0,0.5,1.0,0.5,,,1.0
agency-enterprise-studio,35.0,4.0,3.0,17.0,11.0,7.0,AE Studio,205,True,True,,,AE Studio,11,3,21,6.112142774460716,6,True,0.05365853658536585,0.014634146341463415,0.1024390243902439,34.99999999999999,4.0,3.0000000000000004,12.808556329848802,11.000000000000002,10.75174404457249,False,False,False,False,False,False,35.0,4.0,3.0,7.0,11.0,17.0,35.0,4.0,3.0,7.0,11.0,17.0
ai-consult,0.0,1.0,0.0,,,,AI Consult,203,True,False,,,AI Consult,0,0,1,1.7411011265922482,3,False,0.0,0.0,0.0049261083743842365,0.5,1.0,0.5,,,,True,False,True,False,False,False,0.0,1.0,0.0,,,,0.5,1.0,0.5,,,
binariks,0.0,3.0,0.0,,,,Binariks,203,True,False,,,Binariks,0,0,2,4.192962712629476,3,True,0.0,0.0,0.009852216748768473,0.5,3.0000000000000004,0.5,,,,True,False,True,False,False,False,0.0,3.0,0.0,,,,0.5,3.0,0.5,,,
xitasogmbh,5.0,12.0,2.0,10.0,5.0,2.0,XITASO,198,True,True,,,XITASO,5,3,9,3.2201385189989757,6,False,0.025252525252525252,0.015151515151515152,0.045454545454545456,4.999999999999999,12.0,2.0,3.659587522813943,4.999999999999999,6.32455532033676,False,False,False,False,False,False,5.0,12.0,2.0,2.0,5.0,10.0,5.0,12.0,2.0,2.0,5.0,10.0
upstageai,16.0,23.0,7.0,46.0,27.0,19.0,Upstage,187,True,True,,,Upstage,25,11,32,3.0051266097278106,6,True,0.13368983957219252,0.058823529411764705,0.1711229946524064,15.999999999999998,23.0,6.999999999999999,34.766081466732444,27.0,29.092954473549092,False,False,False,False,False,False,16.0,23.0,7.0,19.0,27.0,46.0,16.0,23.0,7.0,19.0,27.0,46.0
abacusai,25.0,25.0,8.0,22.0,9.0,3.0,Abacus.AI,185,True,True,,,Abacus.AI,11,7,25,3.7725353376466084,6,False,0.05945945945945946,0.03783783783783784,0.13513513513513514,24.999999999999996,24.999999999999996,7.999999999999998,5.489381284220914,9.000000000000002,13.914021704740872,False,False,False,False,False,False,25.0,25.0,8.0,3.0,9.0,22.0,25.0,25.0,8.0,3.0,9.0,22.0
schafer-corporation,0.0,0.0,0.0,2.0,,,Schafer Corporation,176,True,False,,,Schafer Corporation,0,0,1,1.9149744808711489,4,False,0.0,0.0,0.005681818181818182,0.5,0.5,0.5,,,1.2649110640673518,True,True,True,False,False,False,0.0,0.0,0.0,,,2.0,0.5,0.5,0.5,,,2.0
elder-research-inc-,23.0,6.0,0.0,,,,Elder Research,170,True,True,,,Elder Research,6,1,18,21.38977741889209,3,True,0.03529411764705882,0.0058823529411764705,0.10588235294117647,23.0,6.0,0.5,,,,False,False,True,False,False,False,23.0,6.0,0.0,,,,23.0,6.0,0.5,,,
auriznco,9.0,5.0,1.0,9.0,4.0,1.0,Aurizn,169,True,True,,,Aurizn,4,1,7,5.291227515441052,6,True,0.023668639053254437,0.005917159763313609,0.04142011834319527,9.000000000000002,4.999999999999999,1.0,1.8297937614069713,4.0,5.692099788303084,False,False,False,False,False,False,9.0,5.0,1.0,1.0,4.0,9.0,9.0,5.0,1.0,1.0,4.0,9.0
nextgeninnovationlabs,1.0,0.0,0.0,,,,NEXTGEN,167,True,False,,,NEXTGEN,0,0,1,1.7411011265922482,3,False,0.0,0.0,0.005988023952095809,1.0,0.5,0.5,,,,False,True,True,False,False,False,1.0,0.0,0.0,,,,1.0,0.5,0.5,,,
3157313,12.0,19.0,1.0,,,,Tooploox,163,True,True,,,Tooploox,12,2,17,10.543938903738729,3,True,0.0736196319018405,0.012269938650306749,0.10429447852760736,12.0,18.999999999999996,1.0,,,,False,False,False,False,False,False,12.0,19.0,1.0,,,,12.0,19.0,1.0,,,
1833,13.0,24.0,2.0,,,,Euranova,159,True,True,,,Euranova,13,3,21,7.300372102718469,3,True,0.08176100628930817,0.018867924528301886,0.1320754716981132,13.0,24.000000000000004,2.0,,,,False,False,False,False,False,False,13.0,24.0,2.0,,,,13.0,24.0,2.0,,,
sahanasystemltd,4.0,7.0,1.0,3.0,,,Sahana System,158,True,True,,,Sahana System,3,1,6,4.883613102925462,4,False,0.0189873417721519,0.006329113924050633,0.0379746835443038,4.0,6.999999999999999,1.0,,,1.8973665961010278,False,False,False,False,False,False,4.0,7.0,1.0,,,3.0,4.0,7.0,1.0,,,3.0
mp-data-ds,14.0,33.0,4.0,18.0,12.0,,MP DATA,145,True,True,,,MP DATA,12,6,23,3.853031708881003,5,False,0.08275862068965517,0.041379310344827586,0.15862068965517243,13.999999999999996,33.0,4.0,,12.0,11.384199576606163,False,False,False,False,False,False,14.0,33.0,4.0,,12.0,18.0,14.0,33.0,4.0,,12.0,18.0
unit8.co,23.0,15.0,3.0,,,,Unit8,141,True,True,,,Unit8,15,4,21,5.101351689692994,3,True,0.10638297872340426,0.028368794326241134,0.14893617021276595,23.0,15.0,3.0000000000000004,,,,False,False,False,False,False,False,23.0,15.0,3.0,,,,23.0,15.0,3.0,,,
hcube-conseil,0.0,0.0,0.0,,,,Hcube Conseil,140,True,False,,,Hcube Conseil,0,0,0,1.0,3,False,0.0,0.0,0.0,0.5,0.5,0.5,,,,True,True,True,False,False,False,0.0,0.0,0.0,,,,0.5,0.5,0.5,,,
intinc,0.0,0.0,0.0,,,,INT,140,True,False,,,INT,0,0,0,1.0,3,False,0.0,0.0,0.0,0.5,0.5,0.5,,,,True,True,True,False,False,False,0.0,0.0,0.0,,,,0.5,0.5,0.5,,,
wearedragonfly,0.0,0.0,0.0,,,,Dragonfly,134,True,False,,,Dragonfly,0,0,0,1.0,3,False,0.0,0.0,0.0,0.5,0.5,0.5,,,,True,True,True,False,False,False,0.0,0.0,0.0,,,,0.5,0.5,0.5,,,
spatialedge,23.0,21.0,6.0,15.0,,,Spatialedge,134,True,True,,,Spatialedge,14,7,22,3.251120166126498,4,False,0.1044776119402985,0.05223880597014925,0.16417910447761194,23.0,21.0,6.0,,,9.486832980505138,False,False,False,False,False,False,23.0,21.0,6.0,,,15.0,23.0,21.0,6.0,,,15.0
mi-6-ltd,0.0,19.0,6.0,6.0,,,MI-6,130,True,True,,,MI-6,5,1,13,14.639947487240283,4,True,0.038461538461538464,0.007692307692307693,0.1,0.5,18.999999999999996,6.0,,,3.794733192202055,True,False,False,False,False,False,0.0,19.0,6.0,,,6.0,0.5,19.0,6.0,,,6.0
ml6team,14.0,19.0,0.0,32.0,17.0,4.0,ML6,130,True,True,,,ML6,15,2,20,10.250633789817483,6,True,0.11538461538461539,0.015384615384615385,0.15384615384615385,13.999999999999996,18.999999999999996,0.5,7.319175045627885,17.0,20.23857702507763,False,False,True,False,False,False,14.0,19.0,0.0,4.0,17.0,32.0,14.0,19.0,0.5,4.0,17.0,32.0
konverge-ai,15.0,6.0,1.0,8.0,,,Konverge.AI,130,True,True,,,Konverge.AI,6,2,11,7.00605047169894,4,True,0.046153846153846156,0.015384615384615385,0.08461538461538462,15.0,6.0,1.0,,,5.059644256269406,False,False,False,False,False,False,15.0,6.0,1.0,,,8.0,15.0,6.0,1.0,,,8.0
h.i.-iberia-ingenier-a-y-proyectos,4.0,9.0,2.0,10.0,7.0,,HI Iberia,118,True,True,,,HI Iberia,6,3,8,3.084201384184689,5,True,0.05084745762711865,0.025423728813559324,0.06779661016949153,4.0,9.000000000000002,2.0,,6.999999999999999,6.32455532033676,False,False,False,False,False,False,4.0,9.0,2.0,,7.0,10.0,4.0,9.0,2.0,,7.0,10.0
intelliarts,1.0,0.0,0.0,,,,Intelliarts,113,True,False,,,Intelliarts,0,0,1,1.7411011265922482,3,False,0.0,0.0,0.008849557522123894,1.0,0.5,0.5,,,,False,True,True,False,False,False,1.0,0.0,0.0,,,,1.0,0.5,0.5,,,
infopower-corporation,0.0,0.0,0.0,,,,InfoPower,112,True,False,,,InfoPower,0,0,0,1.0,3,False,0.0,0.0,0.0,0.5,0.5,0.5,,,,True,True,True,False,False,False,0.0,0.0,0.0,,,,0.5,0.5,0.5,,,
dextra-digital,0.0,1.0,0.0,,,,Dextra,109,True,False,,,Dextra,0,0,1,1.7411011265922482,3,False,0.0,0.0,0.009174311926605505,0.5,1.0,0.5,,,,True,False,True,False,False,False,0.0,1.0,0.0,,,,0.5,1.0,0.5,,,
stme,0.0,0.0,0.0,,,,STME,109,True,False,,,STME,0,0,0,1.0,3,False,0.0,0.0,0.0,0.5,0.5,0.5,,,,True,True,True,False,False,False,0.0,0.0,0.0,,,,0.5,0.5,0.5,,,
5390194,19.0,19.0,1.0,,,,deepsense.ai,108,True,True,,,deepsense.ai,19,2,19,10.543938903738729,3,True,0.17592592592592593,0.018518518518518517,0.17592592592592593,18.999999999999996,18.999999999999996,1.0,,,,False,False,False,False,False,False,19.0,19.0,1.0,,,,19.0,19.0,1.0,,,
theprobegroup,0.0,0.0,0.0,,,,Probe Group,107,True,False,,,Probe Group,0,0,0,1.0,3,False,0.0,0.0,0.0,0.5,0.5,0.5,,,,True,True,True,False,False,False,0.0,0.0,0.0,,,,0.5,0.5,0.5,,,
gox-ltd,0.0,0.0,0.0,,,,GOX,103,True,False,,,GOX,0,0,0,1.0,3,False,0.0,0.0,0.0,0.5,0.5,0.5,,,,True,True,True,False,False,False,0.0,0.0,0.0,,,,0.5,0.5,0.5,,,
fiddler-ai,13.0,5.0,2.0,5.0,1.0,1.0,Fiddler AI,102,True,True,,,Fiddler AI,3,1,8,5.960128278232428,6,True,0.029411764705882353,0.00980392156862745,0.0784313725490196,13.0,4.999999999999999,2.0,1.8297937614069713,1.0,3.162277660168379,False,False,False,False,False,False,13.0,5.0,2.0,1.0,1.0,5.0,13.0,5.0,2.0,1.0,1.0,5.0
tryolabs,13.0,21.0,3.0,24.0,16.0,5.0,Tryolabs,98,True,True,,,Tryolabs,14,5,18,3.498830775433598,6,True,0.14285714285714285,0.05102040816326531,0.1836734693877551,13.0,21.0,3.0000000000000004,9.148968807034858,15.999999999999998,15.178932768808222,False,False,False,False,False,False,13.0,21.0,3.0,5.0,16.0,24.0,13.0,21.0,3.0,5.0,16.0,24.0
xenonstack,3.0,2.0,0.0,2.0,,,XenonStack,96,True,False,,,XenonStack,2,1,3,4.021581520165235,4,True,0.020833333333333332,0.010416666666666666,0.03125,3.0000000000000004,2.0,0.5,,,1.2649110640673518,False,False,True,False,False,False,3.0,2.0,0.0,,,2.0,3.0,2.0,0.5,,,2.0
closeloop-inc-,3.0,0.0,0.0,1.0,,,Closeloop Technologies,95,True,False,,,Closeloop Technologies,1,0,2,3.761177874526674,4,True,0.010526315789473684,0.0,0.021052631578947368,3.0000000000000004,0.5,0.5,,,0.6324555320336759,False,True,True,False,False,False,3.0,0.0,0.0,,,1.0,3.0,0.5,0.5,,,1.0
metric-am,0.0,0.0,0.0,,,,Metric,94,True,False,,,Metric,0,0,0,1.0,3,False,0.0,0.0,0.0,0.5,0.5,0.5,,,,True,True,True,False,False,False,0.0,0.0,0.0,,,,0.5,0.5,0.5,,,
qvik-oy,3.0,1.0,0.0,1.0,,,Qvik,92,True,False,,,Qvik,1,1,2,4.021581520165235,4,True,0.010869565217391304,0.010869565217391304,0.021739130434782608,3.0000000000000004,1.0,0.5,,,0.6324555320336759,False,False,True,False,False,False,3.0,1.0,0.0,,,1.0,3.0,1.0,0.5,,,1.0
altrium-io,6.0,2.0,0.0,4.0,,,Altrium,91,True,True,,,Altrium,2,1,5,6.110051483412685,4,True,0.02197802197802198,0.01098901098901099,0.054945054945054944,6.0,2.0,0.5,,,2.529822128134703,False,False,True,False,False,False,6.0,2.0,0.0,,,4.0,6.0,2.0,0.5,,,4.0
xomnia,11.0,10.0,1.0,5.0,4.0,,Xomnia,91,True,True,,,Xomnia,4,2,11,6.68090984274806,5,True,0.04395604395604396,0.02197802197802198,0.12087912087912088,11.000000000000002,10.000000000000002,1.0,,4.0,3.162277660168379,False,False,False,False,False,False,11.0,10.0,1.0,,4.0,5.0,11.0,10.0,1.0,,4.0,5.0
cogent-labs,4.0,1.0,0.0,1.0,,,Cogent Labs,90,True,False,,,Cogent Labs,1,1,3,4.918741420593052,4,True,0.011111111111111112,0.011111111111111112,0.03333333333333333,4.0,1.0,0.5,,,0.6324555320336759,False,False,True,False,False,False,4.0,1.0,0.0,,,1.0,4.0,1.0,0.5,,,1.0
15177291,45.0,21.0,8.0,,,,Layer 6 AI,87,True,True,,,Layer 6 AI,21,10,39,3.9819703454810056,3,False,0.2413793103448276,0.11494252873563218,0.4482758620689655,44.99999999999999,21.0,7.999999999999998,,,,False,False,False,False,False,False,45.0,21.0,8.0,,,,45.0,21.0,8.0,,,
daredata-engineering,23.0,8.0,1.0,,,,DareData,85,True,True,,,DareData,8,2,19,12.28520106741704,3,True,0.09411764705882353,0.023529411764705882,0.2235294117647059,23.0,7.999999999999998,1.0,,,,False,False,False,False,False,False,23.0,8.0,1.0,,,,23.0,8.0,1.0,,,
ntt-research,12.0,8.0,7.0,18.0,7.0,3.0,NTT Research,85,True,True,,,NTT Research,7,6,12,1.885520049357289,6,False,0.08235294117647059,0.07058823529411765,0.1411764705882353,12.0,7.999999999999998,6.999999999999999,5.489381284220914,6.999999999999999,11.384199576606163,False,False,False,False,False,False,12.0,8.0,7.0,3.0,7.0,18.0,12.0,8.0,7.0,3.0,7.0,18.0
creatica-gmbh,0.0,0.0,0.0,1.0,,,Creatica,84,True,False,,,Creatica,0,0,1,1.178805066911298,4,False,0.0,0.0,0.011904761904761904,0.5,0.5,0.5,,,0.6324555320336759,True,True,True,False,False,False,0.0,0.0,0.0,,,1.0,0.5,0.5,0.5,,,1.0
halfspace,12.0,12.0,0.0,10.0,6.0,,Halfspace,81,True,True,,,Halfspace,6,1,12,8.88257213969168,5,True,0.07407407407407407,0.012345679012345678,0.14814814814814814,12.0,12.0,0.5,,6.0,6.32455532033676,False,False,True,False,False,False,12.0,12.0,0.0,,6.0,10.0,12.0,12.0,0.5,,6.0,10.0
guardians-infotech-llc,0.0,0.0,0.0,,,,Guardians Infotech,81,True,False,,,Guardians Infotech,0,0,0,1.0,3,False,0.0,0.0,0.0,0.5,0.5,0.5,,,,True,True,True,False,False,False,0.0,0.0,0.0,,,,0.5,0.5,0.5,,,
xaion-data-inc,0.0,0.0,0.0,,,,Xaion Data,80,True,False,,,Xaion Data,0,0,0,1.0,3,False,0.0,0.0,0.0,0.5,0.5,0.5,,,,True,True,True,False,False,False,0.0,0.0,0.0,,,,0.5,0.5,0.5,,,
mojotech,1.0,0.0,0.0,,,,MojoTech,80,True,False,,,MojoTech,0,0,1,1.7411011265922482,3,False,0.0,0.0,0.0125,1.0,0.5,0.5,,,,False,True,True,False,False,False,1.0,0.0,0.0,,,,1.0,0.5,0.5,,,
liquid-ai-inc,28.0,20.0,11.0,24.0,25.0,21.0,Liquid AI,79,True,True,,,Liquid AI,22,13,33,2.538474312663129,6,False,0.27848101265822783,0.16455696202531644,0.4177215189873418,27.999999999999996,19.999999999999996,11.000000000000002,38.425668989546395,24.999999999999996,15.178932768808222,False,False,False,False,False,False,28.0,20.0,11.0,21.0,25.0,24.0,28.0,20.0,11.0,21.0,25.0,24.0
93,1.0,1.0,0.0,,,,247 Labs,76,True,False,,,247 Labs,1,1,1,1.7411011265922482,3,False,0.013157894736842105,0.013157894736842105,0.013157894736842105,1.0,1.0,0.5,,,,False,False,True,False,False,False,1.0,1.0,0.0,,,,1.0,1.0,0.5,,,
visium-sa,13.0,3.0,0.0,9.0,7.0,7.0,Visium,75,True,True,,,Visium,6,1,13,10.53600912072607,6,True,0.08,0.013333333333333334,0.17333333333333334,13.0,3.0000000000000004,0.5,12.808556329848802,6.999999999999999,5.692099788303084,False,False,True,False,False,False,13.0,3.0,0.0,7.0,7.0,9.0,13.0,3.0,0.5,7.0,7.0,9.0
10533787,0.0,0.0,0.0,,,,Techspert,73,True,False,,,Techspert,0,0,0,1.0,3,False,0.0,0.0,0.0,0.5,0.5,0.5,,,,True,True,True,False,False,False,0.0,0.0,0.0,,,,0.5,0.5,0.5,,,
enthought,17.0,6.0,5.0,11.0,4.0,1.0,Enthought,72,True,True,,,Enthought,5,3,11,4.019802668506826,6,True,0.06944444444444445,0.041666666666666664,0.1527777777777778,17.0,6.0,4.999999999999999,1.8297937614069713,4.0,6.957010852370435,False,False,False,False,False,False,17.0,6.0,5.0,1.0,4.0,11.0,17.0,6.0,5.0,1.0,4.0,11.0
reqpool-gmbh,0.0,0.0,0.0,,,,ReqPOOL,71,True,False,,,ReqPOOL,0,0,0,1.0,3,False,0.0,0.0,0.0,0.5,0.5,0.5,,,,True,True,True,False,False,False,0.0,0.0,0.0,,,,0.5,0.5,0.5,,,
teamonegroup,0.0,0.0,0.0,,,,TeamOne Group,71,True,False,,,TeamOne Group,0,0,0,1.0,3,False,0.0,0.0,0.0,0.5,0.5,0.5,,,,True,True,True,False,False,False,0.0,0.0,0.0,,,,0.5,0.5,0.5,,,
addepto,10.0,7.0,1.0,2.0,2.0,,Addepto,68,True,True,,,Addepto,2,1,9,7.892511429290608,5,True,0.029411764705882353,0.014705882352941176,0.1323529411764706,10.000000000000002,6.999999999999999,1.0,,2.0,1.2649110640673518,False,False,False,False,False,False,10.0,7.0,1.0,,2.0,2.0,10.0,7.0,1.0,,2.0,2.0
exposit,0.0,1.0,0.0,,,,Exposit,66,True,False,,,Exposit,0,0,1,1.7411011265922482,3,False,0.0,0.0,0.015151515151515152,0.5,1.0,0.5,,,,True,False,True,False,False,False,0.0,1.0,0.0,,,,0.5,1.0,0.5,,,
techsource-inc,0.0,0.0,0.0,,,,TechSource,66,True,False,,,TechSource,0,0,0,1.0,3,False,0.0,0.0,0.0,0.5,0.5,0.5,,,,True,True,True,False,False,False,0.0,0.0,0.0,,,,0.5,0.5,0.5,,,
orcawise,10.0,0.0,0.0,10.0,3.0,,Orcawise,65,True,True,,,Orcawise,3,0,8,16.65106414803747,5,True,0.046153846153846156,0.0,0.12307692307692308,10.000000000000002,0.5,0.5,,3.0000000000000004,6.32455532033676,False,True,True,False,False,False,10.0,0.0,0.0,,3.0,10.0,10.0,0.5,0.5,,3.0,10.0
fs-studio,0.0,0.0,0.0,2.0,,,FS Studio,64,True,False,,,FS Studio,0,0,1,1.9149744808711489,4,False,0.0,0.0,0.015625,0.5,0.5,0.5,,,1.2649110640673518,True,True,True,False,False,False,0.0,0.0,0.0,,,2.0,0.5,0.5,0.5,,,2.0
vsdata,0.0,0.0,0.0,,,,VS Data,64,True,False,,,VS Data,0,0,0,1.0,3,False,0.0,0.0,0.0,0.5,0.5,0.5,,,,True,True,True,False,False,False,0.0,0.0,0.0,,,,0.5,0.5,0.5,,,
inflectionai,12.0,6.0,1.0,14.0,11.0,9.0,Inflection AI,63,True,True,,,Inflection AI,10,2,14,5.7390145238817345,6,True,0.15873015873015872,0.031746031746031744,0.2222222222222222,12.0,6.0,1.0,16.468143852662745,11.000000000000002,8.85437744847146,False,False,False,False,False,False,12.0,6.0,1.0,9.0,11.0,14.0,12.0,6.0,1.0,9.0,11.0,14.0
expos-data-exposed,4.0,0.0,0.0,1.0,,,Exposé,61,True,False,,,Exposé,1,0,2,4.600245278850488,4,True,0.01639344262295082,0.0,0.03278688524590164,4.0,0.5,0.5,,,0.6324555320336759,False,True,True,False,False,False,4.0,0.0,0.0,,,1.0,4.0,0.5,0.5,,,1.0
partnershipai,5.0,0.0,0.0,,,,Partnership on AI,61,True,True,,,Partnership on AI,0,0,3,6.3095734448019325,3,True,0.0,0.0,0.04918032786885246,4.999999999999999,0.5,0.5,,,,False,True,True,False,False,False,5.0,0.0,0.0,,,,5.0,0.5,0.5,,,
indata-labs,4.0,5.0,0.0,5.0,4.0,,InData Labs,59,True,True,,,InData Labs,4,1,5,4.3734482957731124,5,True,0.06779661016949153,0.01694915254237288,0.0847457627118644,4.0,4.999999999999999,0.5,,4.0,3.162277660168379,False,False,True,False,False,False,4.0,5.0,0.0,,4.0,5.0,4.0,5.0,0.5,,4.0,5.0
merantix-momentum,12.0,6.0,4.0,12.0,9.0,1.0,Merantix Momentum,59,True,True,,,Merantix Momentum,7,3,10,3.84132286010275,6,True,0.11864406779661017,0.05084745762711865,0.1694915254237288,12.0,6.0,4.0,1.8297937614069713,9.000000000000002,7.58946638440411,False,False,False,False,False,False,12.0,6.0,4.0,1.0,9.0,12.0,12.0,6.0,4.0,1.0,9.0,12.0
launchpad-lab,0.0,0.0,0.0,,,,LaunchPad Lab,59,True,False,,,LaunchPad Lab,0,0,0,1.0,3,False,0.0,0.0,0.0,0.5,0.5,0.5,,,,True,True,True,False,False,False,0.0,0.0,0.0,,,,0.5,0.5,0.5,,,
markovate,5.0,0.0,0.0,1.0,,,Markovate Inc.,57,True,True,,,Markovate Inc.,1,0,3,5.377965320810326,4,True,0.017543859649122806,0.0,0.05263157894736842,4.999999999999999,0.5,0.5,,,0.6324555320336759,False,True,True,False,False,False,5.0,0.0,0.0,,,1.0,5.0,0.5,0.5,,,1.0
moov-ai,5.0,1.0,0.0,5.0,2.0,1.0,Moov AI,57,True,True,,,Moov AI,2,1,4,5.62341325190349,6,True,0.03508771929824561,0.017543859649122806,0.07017543859649122,4.999999999999999,1.0,0.5,1.8297937614069713,2.0,3.162277660168379,False,False,True,False,False,False,5.0,1.0,0.0,1.0,2.0,5.0,5.0,1.0,0.5,1.0,2.0,5.0
tagtoo,0.0,1.0,0.0,,,,Tagtoo Technology,56,True,False,,,Tagtoo Technology,0,0,1,1.7411011265922482,3,False,0.0,0.0,0.017857142857142856,0.5,1.0,0.5,,,,True,False,True,False,False,False,0.0,1.0,0.0,,,,0.5,1.0,0.5,,,
info-strategic,4.0,1.0,0.0,2.0,1.0,,Info Strategic,56,True,False,,,Info Strategic,1,1,3,3.825409999160148,5,True,0.017857142857142856,0.017857142857142856,0.05357142857142857,4.0,1.0,0.5,,1.0,1.2649110640673518,False,False,True,False,False,False,4.0,1.0,0.0,,1.0,2.0,4.0,1.0,0.5,,1.0,2.0
wednesday-solutions,0.0,0.0,0.0,,,,Wednesday Solutions,55,True,False,,,Wednesday Solutions,0,0,0,1.0,3,False,0.0,0.0,0.0,0.5,0.5,0.5,,,,True,True,True,False,False,False,0.0,0.0,0.0,,,,0.5,0.5,0.5,,,
crea-pro,1.0,1.0,1.0,,,,CREA pro,52,True,False,,,CREA pro,1,1,1,1.0,3,False,0.019230769230769232,0.019230769230769232,0.019230769230769232,1.0,1.0,1.0,,,,False,False,False,False,False,False,1.0,1.0,1.0,,,,1.0,1.0,1.0,,,
fraktal-as,1.0,0.0,0.0,1.0,1.0,,Fraktal Norge,52,True,False,,,Fraktal Norge,1,0,1,2.0,5,False,0.019230769230769232,0.0,0.019230769230769232,1.0,0.5,0.5,,1.0,0.6324555320336759,False,True,True,False,False,False,1.0,0.0,0.0,,1.0,1.0,1.0,0.5,0.5,,1.0,1.0
neurosys,0.0,2.0,1.0,1.0,2.0,2.0,NeuroSYS,52,True,False,,,NeuroSYS,1,1,3,4.810952477176525,6,False,0.019230769230769232,0.019230769230769232,0.057692307692307696,0.5,2.0,1.0,3.659587522813943,2.0,0.6324555320336759,True,False,False,False,False,False,0.0,2.0,1.0,2.0,2.0,1.0,0.5,2.0,1.0,2.0,2.0,1.0
recursive-ai,7.0,3.0,1.0,5.0,4.0,3.0,Recursive,52,True,True,,,Recursive,4,2,6,3.578904347680837,6,True,0.07692307692307693,0.038461538461538464,0.11538461538461539,6.999999999999999,3.0000000000000004,1.0,5.489381284220914,4.0,3.162277660168379,False,False,False,False,False,False,7.0,3.0,1.0,3.0,4.0,5.0,7.0,3.0,1.0,3.0,4.0,5.0
etalytics,1.0,0.0,0.0,,,,etalytics,51,True,False,,,etalytics,0,0,1,1.7411011265922482,3,False,0.0,0.0,0.0196078431372549,1.0,0.5,0.5,,,,False,True,True,False,False,False,1.0,0.0,0.0,,,,1.0,0.5,0.5,,,
bigthinkcode,2.0,1.0,1.0,1.0,,,BigThinkCode Technologies,51,True,False,,,BigThinkCode Technologies,1,1,2,2.23872113856834,4,False,0.0196078431372549,0.0196078431372549,0.0392156862745098,2.0,1.0,1.0,,,0.6324555320336759,False,False,False,False,False,False,2.0,1.0,1.0,,,1.0,2.0,1.0,1.0,,,1.0
13626360,2.0,1.0,0.0,,,,ESSI Integrated Technologies,50,True,False,,,ESSI Integrated Technologies,1,1,2,3.0314331330207964,3,False,0.02,0.02,0.04,2.0,1.0,0.5,,,,False,False,True,False,False,False,2.0,1.0,0.0,,,,2.0,1.0,0.5,,,
searchmetrics-inc,1.0,0.0,0.0,,,,Searchmetrics,50,True,False,,,Searchmetrics,0,0,1,1.7411011265922482,3,False,0.0,0.0,0.02,1.0,0.5,0.5,,,,False,True,True,False,False,False,1.0,0.0,0.0,,,,1.0,0.5,0.5,,,
latticeflow,6.0,12.0,3.0,,,,LatticeFlow,48,True,True,,,LatticeFlow,6,3,10,3.0314331330207955,3,False,0.125,0.0625,0.20833333333333334,6.0,12.0,3.0000000000000004,,,,False,False,False,False,False,False,6.0,12.0,3.0,,,,6.0,12.0,3.0,,,
hacksoft,0.0,0.0,0.0,,,,HackSoft,46,True,False,,,HackSoft,0,0,0,1.0,3,False,0.0,0.0,0.0,0.5,0.5,0.5,,,,True,True,True,False,False,False,0.0,0.0,0.0,,,,0.5,0.5,0.5,,,
tapptitude,0.0,0.0,0.0,,,,Tapptitude,45,True,False,,,Tapptitude,0,0,0,1.0,3,False,0.0,0.0,0.0,0.5,0.5,0.5,,,,True,True,True,False,False,False,0.0,0.0,0.0,,,,0.5,0.5,0.5,,,
winstars-tecnology,1.0,6.0,2.0,,,,R&D Center WINSTARS.AI,43,True,True,,,R&D Center WINSTARS.AI,2,1,5,4.192962712629475,3,False,0.046511627906976744,0.023255813953488372,0.11627906976744186,1.0,6.0,2.0,,,,False,False,False,False,False,False,1.0,6.0,2.0,,,,1.0,6.0,2.0,,,
divedeepai,10.0,3.0,0.0,10.0,5.0,1.0,DiveDeepAI,43,True,True,,,DiveDeepAI,4,1,8,8.314361904376032,6,True,0.09302325581395349,0.023255813953488372,0.18604651162790697,10.000000000000002,3.0000000000000004,0.5,1.8297937614069713,4.999999999999999,6.32455532033676,False,False,True,False,False,False,10.0,3.0,0.0,1.0,5.0,10.0,10.0,3.0,0.5,1.0,5.0,10.0
netguru,0.0,0.0,0.0,,,,Netguru,43,True,False,,,Netguru,0,0,0,1.0,3,False,0.0,0.0,0.0,0.5,0.5,0.5,,,,True,True,True,False,False,False,0.0,0.0,0.0,,,,0.5,0.5,0.5,,,
objetivasolucao,0.0,0.0,0.0,,,,Objetiva Solução,42,True,False,,,Objetiva Solução,0,0,0,1.0,3,False,0.0,0.0,0.0,0.5,0.5,0.5,,,,True,True,True,False,False,False,0.0,0.0,0.0,,,,0.5,0.5,0.5,,,
fundaci-n-centro-supercomputaci-n-castilla-y-le-n-fcsc-,8.0,1.0,0.0,,,,EuroCC,42,True,True,,,EuroCC,1,1,5,9.189586839976279,3,True,0.023809523809523808,0.023809523809523808,0.11904761904761904,7.999999999999998,1.0,0.5,,,,False,False,True,False,False,False,8.0,1.0,0.0,,,,8.0,1.0,0.5,,,
andro-computational-solutions-llc,4.0,3.0,0.0,4.0,2.0,1.0,ANDRO Computational Solutions,41,True,False,,,ANDRO Computational Solutions,2,1,3,3.6216339241407445,6,True,0.04878048780487805,0.024390243902439025,0.07317073170731707,4.0,3.0000000000000004,0.5,1.8297937614069713,2.0,2.529822128134703,False,False,True,False,False,False,4.0,3.0,0.0,1.0,2.0,4.0,4.0,3.0,0.5,1.0,2.0,4.0
digitalleague,0.0,0.0,0.0,1.0,,,League of Digital Economy,38,True,False,,,League of Digital Economy,0,0,1,1.178805066911298,4,False,0.0,0.0,0.02631578947368421,0.5,0.5,0.5,,,0.6324555320336759,True,True,True,False,False,False,0.0,0.0,0.0,,,1.0,0.5,0.5,0.5,,,1.0
ventagium,0.0,1.0,0.0,1.0,,,Ventagium Data Consulting,38,True,False,,,Ventagium Data Consulting,1,0,1,1.7431669947912323,4,False,0.02631578947368421,0.0,0.02631578947368421,0.5,1.0,0.5,,,0.6324555320336759,True,False,True,False,False,False,0.0,1.0,0.0,,,1.0,0.5,1.0,0.5,,,1.0
3alica,0.0,2.0,0.0,,,,3Alica,38,True,False,,,3Alica,0,0,2,3.0314331330207964,3,True,0.0,0.0,0.05263157894736842,0.5,2.0,0.5,,,,True,False,True,False,False,False,0.0,2.0,0.0,,,,0.5,2.0,0.5,,,
orobix-srl,3.0,0.0,1.0,4.0,2.0,1.0,Orobix,38,True,False,,,Orobix,2,1,3,3.896014985701187,6,True,0.05263157894736842,0.02631578947368421,0.07894736842105263,3.0000000000000004,0.5,1.0,1.8297937614069713,2.0,2.529822128134703,False,True,False,False,False,False,3.0,0.0,1.0,1.0,2.0,4.0,3.0,0.5,1.0,1.0,2.0,4.0
archiot-digital-solutions-pvt-ltd,0.0,1.0,0.0,,,,Archiot,38,True,False,,,Archiot,0,0,1,1.7411011265922482,3,False,0.0,0.0,0.02631578947368421,0.5,1.0,0.5,,,,True,False,True,False,False,False,0.0,1.0,0.0,,,,0.5,1.0,0.5,,,
eigen-tech,0.0,1.0,0.0,,,,Eigen,36,True,False,,,Eigen,0,0,1,1.7411011265922482,3,False,0.0,0.0,0.027777777777777776,0.5,1.0,0.5,,,,True,False,True,False,False,False,0.0,1.0,0.0,,,,0.5,1.0,0.5,,,
123049,0.0,2.0,0.0,,,,Beeby Clark+Meyler,35,True,False,,,Beeby Clark+Meyler,0,0,2,3.0314331330207964,3,True,0.0,0.0,0.05714285714285714,0.5,2.0,0.5,,,,True,False,True,False,False,False,0.0,2.0,0.0,,,,0.5,2.0,0.5,,,
effixis,7.0,1.0,0.0,8.0,4.0,,Effixis,34,True,True,,,Effixis,4,1,6,9.318045235940271,5,True,0.11764705882352941,0.029411764705882353,0.17647058823529413,6.999999999999999,1.0,0.5,,4.0,5.059644256269406,False,False,True,False,False,False,7.0,1.0,0.0,,4.0,8.0,7.0,1.0,0.5,,4.0,8.0
pitt-technology-group,0.0,0.0,0.0,,,,Pitt Technology Group,34,True,False,,,Pitt Technology Group,0,0,0,1.0,3,False,0.0,0.0,0.0,0.5,0.5,0.5,,,,True,True,True,False,False,False,0.0,0.0,0.0,,,,0.5,0.5,0.5,,,
statsoft-europe-gmbh,1.0,7.0,1.0,,,,StatSoft,33,True,True,,,StatSoft,1,1,5,4.743276393803367,3,True,0.030303030303030304,0.030303030303030304,0.15151515151515152,1.0,6.999999999999999,1.0,,,,False,False,False,False,False,False,1.0,7.0,1.0,,,,1.0,7.0,1.0,,,
vinai-research,13.0,18.0,1.0,44.0,31.0,18.0,VinAI Research,33,True,True,,,VinAI Research,22,4,32,8.8623009638715,6,True,0.6666666666666666,0.12121212121212122,0.9696969696969697,13.0,17.999999999999996,1.0,32.936287705325476,31.0,27.828043409481733,False,False,False,False,False,False,13.0,18.0,1.0,18.0,31.0,44.0,13.0,18.0,1.0,18.0,31.0,44.0
applied-data-science,4.0,3.0,0.0,1.0,1.0,,Applied Data Science Partners,33,True,False,,,Applied Data Science Partners,1,1,4,6.490684446398417,5,True,0.030303030303030304,0.030303030303030304,0.12121212121212122,4.0,3.0000000000000004,0.5,,1.0,0.6324555320336759,False,False,True,False,False,False,4.0,3.0,0.0,,1.0,1.0,4.0,3.0,0.5,,1.0,1.0
11351707,11.0,6.0,0.0,,,,Infinia ML,33,True,True,,,Infinia ML,6,1,10,11.855998744839985,3,True,0.18181818181818182,0.030303030303030304,0.30303030303030304,11.000000000000002,6.0,0.5,,,,False,False,True,False,False,False,11.0,6.0,0.0,,,,11.0,6.0,0.5,,,
19004657,1.0,1.0,1.0,,,,Perfsol,33,True,False,,,Perfsol,1,1,1,1.0,3,False,0.030303030303030304,0.030303030303030304,0.030303030303030304,1.0,1.0,1.0,,,,False,False,False,False,False,False,1.0,1.0,1.0,,,,1.0,1.0,1.0,,,
rci-analytics-intelligence,0.0,1.0,0.0,,,,RCI Analytics Intelligence,32,True,False,,,RCI Analytics Intelligence,0,0,1,1.7411011265922482,3,False,0.0,0.0,0.03125,0.5,1.0,0.5,,,,True,False,True,False,False,False,0.0,1.0,0.0,,,,0.5,1.0,0.5,,,
numlabs,2.0,6.0,0.0,5.0,4.0,1.0,Numlabs,32,True,True,,,Numlabs,3,1,5,5.121763813470333,6,True,0.09375,0.03125,0.15625,2.0,6.0,0.5,1.8297937614069713,4.0,3.162277660168379,False,False,True,False,False,False,2.0,6.0,0.0,1.0,4.0,5.0,2.0,6.0,0.5,1.0,4.0,5.0
adaptive-ml,8.0,10.0,6.0,8.0,8.0,6.0,Adaptive ML,31,True,True,,,Adaptive ML,8,6,10,1.901695942838381,6,False,0.25806451612903225,0.1935483870967742,0.3225806451612903,7.999999999999998,10.000000000000002,6.0,10.978762568441827,7.999999999999998,5.059644256269406,False,False,False,False,False,False,8.0,10.0,6.0,6.0,8.0,8.0,8.0,10.0,6.0,6.0,8.0,8.0
kaeyros-analytics,0.0,0.0,0.0,,,,Kaeyros Analytics,31,True,False,,,Kaeyros Analytics,0,0,0,1.0,3,False,0.0,0.0,0.0,0.5,0.5,0.5,,,,True,True,True,False,False,False,0.0,0.0,0.0,,,,0.5,0.5,0.5,,,
siali,0.0,4.0,0.0,2.0,,,Siali,31,True,False,,,Siali,1,0,3,5.663566275073103,4,True,0.03225806451612903,0.0,0.0967741935483871,0.5,4.0,0.5,,,1.2649110640673518,True,False,True,False,False,False,0.0,4.0,0.0,,,2.0,0.5,4.0,0.5,,,2.0
bysgrup,0.0,0.0,0.0,,,,Bys Grup,30,True,False,,,Bys Grup,0,0,0,1.0,3,False,0.0,0.0,0.0,0.5,0.5,0.5,,,,True,True,True,False,False,False,0.0,0.0,0.0,,,,0.5,0.5,0.5,,,
atmo-ai,7.0,6.0,0.0,1.0,1.0,1.0,Atmo,30,True,True,,,Atmo,1,1,6,11.524567745779965,6,True,0.03333333333333333,0.03333333333333333,0.2,6.999999999999999,6.0,0.5,1.8297937614069713,1.0,0.6324555320336759,False,False,True,False,False,False,7.0,6.0,0.0,1.0,1.0,1.0,7.0,6.0,0.5,1.0,1.0,1.0
datapy,0.0,1.0,0.0,,,,Datapy,29,True,False,,,Datapy,0,0,1,1.7411011265922482,3,False,0.0,0.0,0.034482758620689655,0.5,1.0,0.5,,,,True,False,True,False,False,False,0.0,1.0,0.0,,,,0.5,1.0,0.5,,,
xcale-consulting,2.0,0.0,0.0,,,,XCALE Tech,29,True,False,,,XCALE Tech,0,0,2,3.0314331330207964,3,True,0.0,0.0,0.06896551724137931,2.0,0.5,0.5,,,,False,True,True,False,False,False,2.0,0.0,0.0,,,,2.0,0.5,0.5,,,
nuaig,2.0,1.0,1.0,2.0,,,NuAIg AI Consulting,29,True,False,,,NuAIg AI Consulting,1,1,2,1.743166994791232,4,False,0.034482758620689655,0.034482758620689655,0.06896551724137931,2.0,1.0,1.0,,,1.2649110640673518,False,False,False,False,False,False,2.0,1.0,1.0,,,2.0,2.0,1.0,1.0,,,2.0
chase-consultancy-services,0.0,0.0,0.0,,,,Chase Consultancy Services,29,True,False,,,Chase Consultancy Services,0,0,0,1.0,3,False,0.0,0.0,0.0,0.5,0.5,0.5,,,,True,True,True,False,False,False,0.0,0.0,0.0,,,,0.5,0.5,0.5,,,
grps-lab-private-limited,0.0,0.0,0.0,,,,GRPS Lab,28,True,False,,,GRPS Lab,0,0,0,1.0,3,False,0.0,0.0,0.0,0.5,0.5,0.5,,,,True,True,True,False,False,False,0.0,0.0,0.0,,,,0.5,0.5,0.5,,,
datarootlabs,1.0,9.0,1.0,5.0,3.0,,DataRoot Labs,28,True,True,,,DataRoot Labs,3,1,6,5.92305145750446,5,False,0.10714285714285714,0.03571428571428571,0.21428571428571427,1.0,9.000000000000002,1.0,,3.0000000000000004,3.162277660168379,False,False,False,False,False,False,1.0,9.0,1.0,,3.0,5.0,1.0,9.0,1.0,,3.0,5.0
lucientdata,0.0,1.0,0.0,,,,Lucient,27,True,False,,,Lucient,0,0,1,1.7411011265922482,3,False,0.0,0.0,0.037037037037037035,0.5,1.0,0.5,,,,True,False,True,False,False,False,0.0,1.0,0.0,,,,0.5,1.0,0.5,,,
modulai,14.0,6.0,5.0,12.0,10.0,3.0,Modulai,27,True,True,,,Modulai,7,5,12,2.2584855540753845,6,False,0.25925925925925924,0.18518518518518517,0.4444444444444444,13.999999999999996,6.0,4.999999999999999,5.489381284220914,10.000000000000002,7.58946638440411,False,False,False,False,False,False,14.0,6.0,5.0,3.0,10.0,12.0,14.0,6.0,5.0,3.0,10.0,12.0
chipside-limited,0.0,0.0,0.0,1.0,1.0,,Chipside,27,True,False,,,Chipside,0,0,1,1.6651064148037464,5,False,0.0,0.0,0.037037037037037035,0.5,0.5,0.5,,1.0,0.6324555320336759,True,True,True,False,False,False,0.0,0.0,0.0,,1.0,1.0,0.5,0.5,0.5,,1.0,1.0
jaam-automation,1.0,0.0,0.0,1.0,1.0,1.0,Jaam Automation,26,True,False,,,Jaam Automation,1,0,1,2.7053973914432397,6,False,0.038461538461538464,0.0,0.038461538461538464,1.0,0.5,0.5,1.8297937614069713,1.0,0.6324555320336759,False,True,True,False,False,False,1.0,0.0,0.0,1.0,1.0,1.0,1.0,0.5,0.5,1.0,1.0,1.0
droidsagency,1.0,2.0,1.0,3.0,1.0,,Droids Agency,26,True,False,,,Droids Agency,1,1,2,1.9582967247219536,5,False,0.038461538461538464,0.038461538461538464,0.07692307692307693,1.0,2.0,1.0,,1.0,1.8973665961010278,False,False,False,False,False,False,1.0,2.0,1.0,,1.0,3.0,1.0,2.0,1.0,,1.0,3.0
bravinci,3.0,0.0,0.0,1.0,,,Bravinci,26,True,False,,,Bravinci,1,0,2,3.761177874526674,4,True,0.038461538461538464,0.0,0.07692307692307693,3.0000000000000004,0.5,0.5,,,0.6324555320336759,False,True,True,False,False,False,3.0,0.0,0.0,,,1.0,3.0,0.5,0.5,,,1.0
407,0.0,0.0,0.0,,,,Systemware Innovation,26,True,False,,,Systemware Innovation,0,0,0,1.0,3,False,0.0,0.0,0.0,0.5,0.5,0.5,,,,True,True,True,False,False,False,0.0,0.0,0.0,,,,0.5,0.5,0.5,,,
ml-cube,11.0,11.0,3.0,8.0,3.0,2.0,ML cube,25,True,True,,,ML cube,4,3,11,3.6666666666666665,6,False,0.16,0.12,0.44,11.000000000000002,11.000000000000002,3.0000000000000004,3.659587522813943,3.0000000000000004,5.059644256269406,False,False,False,False,False,False,11.0,11.0,3.0,2.0,3.0,8.0,11.0,11.0,3.0,2.0,3.0,8.0
lbox-co-ltd,0.0,0.0,0.0,3.0,3.0,2.0,LBox Co,25,True,False,,,LBox Co,1,0,3,6.626843160492583,6,True,0.04,0.0,0.12,0.5,0.5,0.5,3.659587522813943,3.0000000000000004,1.8973665961010278,True,True,True,False,False,False,0.0,0.0,0.0,2.0,3.0,3.0,0.5,0.5,0.5,2.0,3.0,3.0
iceapple-technology-solutions,1.0,0.0,0.0,,,,IceApple Technology Solutions,24,True,False,,,IceApple Technology Solutions,0,0,1,1.7411011265922482,3,False,0.0,0.0,0.041666666666666664,1.0,0.5,0.5,,,,False,True,True,False,False,False,1.0,0.0,0.0,,,,1.0,0.5,0.5,,,
brainpool-ltd,3.0,0.0,0.0,3.0,2.0,1.0,Brainpool AI,24,True,False,,,Brainpool AI,2,0,2,4.898979485566356,6,True,0.08333333333333333,0.0,0.08333333333333333,3.0000000000000004,0.5,0.5,1.8297937614069713,2.0,1.8973665961010278,False,True,True,False,False,False,3.0,0.0,0.0,1.0,2.0,3.0,3.0,0.5,0.5,1.0,2.0,3.0
itspeoplenederland,0.0,1.0,0.0,,,,ITsPeople,23,True,False,,,ITsPeople,0,0,1,1.7411011265922482,3,False,0.0,0.0,0.043478260869565216,0.5,1.0,0.5,,,,True,False,True,False,False,False,0.0,1.0,0.0,,,,0.5,1.0,0.5,,,
bigdata-republic,4.0,4.0,0.0,4.0,2.0,,BigData Republic,23,True,False,,,BigData Republic,3,1,4,4.59479341998814,5,True,0.13043478260869565,0.043478260869565216,0.17391304347826086,4.0,4.0,0.5,,2.0,2.529822128134703,False,False,True,False,False,False,4.0,4.0,0.0,,2.0,4.0,4.0,4.0,0.5,,2.0,4.0
cosmosthrace,1.0,1.0,0.0,1.0,,,Cosmos Thrace,23,True,False,,,Cosmos Thrace,1,1,1,1.863854464393444,4,False,0.043478260869565216,0.043478260869565216,0.043478260869565216,1.0,1.0,0.5,,,0.6324555320336759,False,False,True,False,False,False,1.0,1.0,0.0,,,1.0,1.0,1.0,0.5,,,1.0
softtact,1.0,0.0,0.0,,,,Softtact,23,True,False,,,Softtact,0,0,1,1.7411011265922482,3,False,0.0,0.0,0.043478260869565216,1.0,0.5,0.5,,,,False,True,True,False,False,False,1.0,0.0,0.0,,,,1.0,0.5,0.5,,,
monadical,3.0,0.0,0.0,1.0,1.0,1.0,Monadical,23,True,False,,,Monadical,1,0,2,4.685885736643997,6,True,0.043478260869565216,0.0,0.08695652173913043,3.0000000000000004,0.5,0.5,1.8297937614069713,1.0,0.6324555320336759,False,True,True,False,False,False,3.0,0.0,0.0,1.0,1.0,1.0,3.0,0.5,0.5,1.0,1.0,1.0
digitalstrategyinnovation,6.0,4.0,0.0,1.0,,,Digital Strategy Innovation,22,True,True,,,Digital Strategy Innovation,2,1,5,9.902295242725165,4,True,0.09090909090909091,0.045454545454545456,0.22727272727272727,6.0,4.0,0.5,,,0.6324555320336759,False,False,True,False,False,False,6.0,4.0,0.0,,,1.0,6.0,4.0,0.5,,,1.0
imandra,5.0,0.0,2.0,9.0,3.0,3.0,Imandra,22,True,True,,,Imandra,4,1,6,5.589821647050001,6,True,0.18181818181818182,0.045454545454545456,0.2727272727272727,4.999999999999999,0.5,2.0,5.489381284220914,3.0000000000000004,5.692099788303084,False,True,False,False,False,False,5.0,0.0,2.0,3.0,3.0,9.0,5.0,0.5,2.0,3.0,3.0,9.0
alltegrio,0.0,0.0,0.0,,,,Alltegrio,22,True,False,,,Alltegrio,0,0,0,1.0,3,False,0.0,0.0,0.0,0.5,0.5,0.5,,,,True,True,True,False,False,False,0.0,0.0,0.0,,,,0.5,0.5,0.5,,,
rare-mile-technologies,0.0,0.0,0.0,,,,Rare Mile Technologies,22,True,False,,,Rare Mile Technologies,0,0,0,1.0,3,False,0.0,0.0,0.0,0.5,0.5,0.5,,,,True,True,True,False,False,False,0.0,0.0,0.0,,,,0.5,0.5,0.5,,,
thinkcol-limited,0.0,0.0,0.0,2.0,2.0,,ThinkCol,22,True,False,,,ThinkCol,0,0,2,3.330212829607493,5,True,0.0,0.0,0.09090909090909091,0.5,0.5,0.5,,2.0,1.2649110640673518,True,True,True,False,False,False,0.0,0.0,0.0,,2.0,2.0,0.5,0.5,0.5,,2.0,2.0
grenoblepartners,1.0,2.0,0.0,1.0,1.0,,Grenoble Partners,21,True,False,,,Grenoble Partners,1,1,2,2.75945932292243,5,False,0.047619047619047616,0.047619047619047616,0.09523809523809523,1.0,2.0,0.5,,1.0,0.6324555320336759,False,False,True,False,False,False,1.0,2.0,0.0,,1.0,1.0,1.0,2.0,0.5,,1.0,1.0
1262,0.0,3.0,0.0,,,,IBM Consulting,21,True,False,,,IBM Consulting,0,0,2,4.192962712629476,3,True,0.0,0.0,0.09523809523809523,0.5,3.0000000000000004,0.5,,,,True,False,True,False,False,False,0.0,3.0,0.0,,,,0.5,3.0,0.5,,,
inferlink-corporation,6.0,2.0,0.0,6.0,4.0,2.0,InferLink,21,True,True,,,InferLink,4,1,5,4.898979485566356,6,True,0.19047619047619047,0.047619047619047616,0.23809523809523808,6.0,2.0,0.5,3.659587522813943,4.0,3.794733192202055,False,False,True,False,False,False,6.0,2.0,0.0,2.0,4.0,6.0,6.0,2.0,0.5,2.0,4.0,6.0
neural-magic,5.0,3.0,2.0,1.0,1.0,1.0,Neural Magic,21,True,True,,,Neural Magic,2,1,4,4.870018732126484,6,True,0.09523809523809523,0.047619047619047616,0.19047619047619047,4.999999999999999,3.0000000000000004,2.0,1.8297937614069713,1.0,0.6324555320336759,False,False,False,False,False,False,5.0,3.0,2.0,1.0,1.0,1.0,5.0,3.0,2.0,1.0,1.0,1.0
2133,0.0,0.0,0.0,,,,Total Synergy Consulting,21,True,False,,,Total Synergy Consulting,0,0,0,1.0,3,False,0.0,0.0,0.0,0.5,0.5,0.5,,,,True,True,True,False,False,False,0.0,0.0,0.0,,,,0.5,0.5,0.5,,,
2195,0.0,2.0,0.0,,,,SpecTal,20,True,False,,,SpecTal,0,0,2,3.0314331330207964,3,True,0.0,0.0,0.1,0.5,2.0,0.5,,,,True,False,True,False,False,False,0.0,2.0,0.0,,,,0.5,2.0,0.5,,,
infer-solutions,0.0,1.0,0.0,1.0,,,Infer Solutions,20,True,False,,,Infer Solutions,1,0,1,1.7431669947912323,4,False,0.05,0.0,0.05,0.5,1.0,0.5,,,0.6324555320336759,True,False,True,False,False,False,0.0,1.0,0.0,,,1.0,0.5,1.0,0.5,,,1.0
kifwat-india,0.0,0.0,0.0,,,,Kifwat India,20,True,False,,,Kifwat India,0,0,0,1.0,3,False,0.0,0.0,0.0,0.5,0.5,0.5,,,,True,True,True,False,False,False,0.0,0.0,0.0,,,,0.5,0.5,0.5,,,
isboptimus,0.0,0.0,0.0,,,,ISB Optimus,20,True,False,,,ISB Optimus,0,0,0,1.0,3,False,0.0,0.0,0.0,0.5,0.5,0.5,,,,True,True,True,False,False,False,0.0,0.0,0.0,,,,0.5,0.5,0.5,,,
austin-technology,0.0,0.0,0.0,,,,Austin Technology,20,True,False,,,Austin Technology,0,0,0,1.0,3,False,0.0,0.0,0.0,0.5,0.5,0.5,,,,True,True,True,False,False,False,0.0,0.0,0.0,,,,0.5,0.5,0.5,,,
the-idea-works-inc.,0.0,0.0,0.0,,,,The Idea Works,20,True,False,,,The Idea Works,0,0,0,1.0,3,False,0.0,0.0,0.0,0.5,0.5,0.5,,,,True,True,True,False,False,False,0.0,0.0,0.0,,,,0.5,0.5,0.5,,,
softshark,1.0,0.0,0.0,,,,SoftShark,19,True,False,,,SoftShark,0,0,1,1.7411011265922482,3,False,0.0,0.0,0.05263157894736842,1.0,0.5,0.5,,,,False,True,True,False,False,False,1.0,0.0,0.0,,,,1.0,0.5,0.5,,,
2721,0.0,0.0,0.0,,,,Data Innovation Labs,19,True,False,,,Data Innovation Labs,0,0,0,1.0,3,False,0.0,0.0,0.0,0.5,0.5,0.5,,,,True,True,True,False,False,False,0.0,0.0,0.0,,,,0.5,0.5,0.5,,,
tensorleap,1.0,5.0,1.0,2.0,1.0,,Tensorleap,19,True,True,,,Tensorleap,1,1,3,2.885399811814427,5,True,0.05263157894736842,0.05263157894736842,0.15789473684210525,1.0,4.999999999999999,1.0,,1.0,1.2649110640673518,False,False,False,False,False,False,1.0,5.0,1.0,,1.0,2.0,1.0,5.0,1.0,,1.0,2.0
onepredict,2.0,2.0,1.0,3.0,,,onepredict,19,True,False,,,onepredict,2,1,2,1.6503825404541945,4,False,0.10526315789473684,0.05263157894736842,0.10526315789473684,2.0,2.0,1.0,,,1.8973665961010278,False,False,False,False,False,False,2.0,2.0,1.0,,,3.0,2.0,2.0,1.0,,,3.0
amai-gmbh,4.0,3.0,0.0,6.0,3.0,2.0,AMAI,19,True,True,,,AMAI,3,1,4,3.1810829150682025,6,True,0.15789473684210525,0.05263157894736842,0.21052631578947367,4.0,3.0000000000000004,0.5,3.659587522813943,3.0000000000000004,3.794733192202055,False,False,True,False,False,False,4.0,3.0,0.0,2.0,3.0,6.0,4.0,3.0,0.5,2.0,3.0,6.0
29332820,2.0,0.0,0.0,,,,CourtCorrect,18,True,False,,,CourtCorrect,0,0,2,3.0314331330207964,3,True,0.0,0.0,0.1111111111111111,2.0,0.5,0.5,,,,False,True,True,False,False,False,2.0,0.0,0.0,,,,2.0,0.5,0.5,,,
miracle-finland-oy,0.0,0.0,0.0,,,,Miracle Finland,18,True,False,,,Miracle Finland,0,0,0,1.0,3,False,0.0,0.0,0.0,0.5,0.5,0.5,,,,True,True,True,False,False,False,0.0,0.0,0.0,,,,0.5,0.5,0.5,,,
dain-protocol,0.0,4.0,0.0,,,,Dain,18,True,False,,,Dain,0,0,3,5.278031643091578,3,True,0.0,0.0,0.16666666666666666,0.5,4.0,0.5,,,,True,False,True,False,False,False,0.0,4.0,0.0,,,,0.5,4.0,0.5,,,
spark-wave,3.0,0.0,0.0,,,,Spark Wave,18,True,False,,,Spark Wave,0,0,2,4.192962712629476,3,True,0.0,0.0,0.1111111111111111,3.0000000000000004,0.5,0.5,,,,False,True,True,False,False,False,3.0,0.0,0.0,,,,3.0,0.5,0.5,,,
5onenalytics,0.0,0.0,0.0,,,,5ONE Analytics,17,True,False,,,5ONE Analytics,0,0,0,1.0,3,False,0.0,0.0,0.0,0.5,0.5,0.5,,,,True,True,True,False,False,False,0.0,0.0,0.0,,,,0.5,0.5,0.5,,,
enliteai,2.0,1.0,0.0,1.0,1.0,1.0,EnliteAI,17,True,False,,,EnliteAI,1,1,2,3.40185712057774,6,False,0.058823529411764705,0.058823529411764705,0.11764705882352941,2.0,1.0,0.5,1.8297937614069713,1.0,0.6324555320336759,False,False,True,False,False,False,2.0,1.0,0.0,1.0,1.0,1.0,2.0,1.0,0.5,1.0,1.0,1.0
hexafoldtech,0.0,0.0,0.0,,,,Hexafold Technologies,17,True,False,,,Hexafold Technologies,0,0,0,1.0,3,False,0.0,0.0,0.0,0.5,0.5,0.5,,,,True,True,True,False,False,False,0.0,0.0,0.0,,,,0.5,0.5,0.5,,,
lund&bendsen-as,0.0,0.0,0.0,,,,Lund&Bendsen,17,True,False,,,Lund&Bendsen,0,0,0,1.0,3,False,0.0,0.0,0.0,0.5,0.5,0.5,,,,True,True,True,False,False,False,0.0,0.0,0.0,,,,0.5,0.5,0.5,,,
projak-infotech-pvt-ltd,0.0,0.0,0.0,,,,Projak Infotech,16,True,False,,,Projak Infotech,0,0,0,1.0,3,False,0.0,0.0,0.0,0.5,0.5,0.5,,,,True,True,True,False,False,False,0.0,0.0,0.0,,,,0.5,0.5,0.5,,,
lexoro,1.0,1.0,1.0,,,,lexoro,16,True,False,,,lexoro,1,1,1,1.0,3,False,0.0625,0.0625,0.0625,1.0,1.0,1.0,,,,False,False,False,False,False,False,1.0,1.0,1.0,,,,1.0,1.0,1.0,,,
pims-associates-limited,0.0,0.0,0.0,,,,pims.ai,16,True,False,,,pims.ai,0,0,0,1.0,3,False,0.0,0.0,0.0,0.5,0.5,0.5,,,,True,True,True,False,False,False,0.0,0.0,0.0,,,,0.5,0.5,0.5,,,
rotunda-solutions,3.0,0.0,1.0,1.0,1.0,,Rotunda Solutions,16,True,False,,,Rotunda Solutions,1,1,2,3.5194820289355233,5,False,0.0625,0.0625,0.125,3.0000000000000004,0.5,1.0,,1.0,0.6324555320336759,False,True,False,False,False,False,3.0,0.0,1.0,,1.0,1.0,3.0,0.5,1.0,,1.0,1.0
nnaisense,3.0,4.0,2.0,5.0,5.0,4.0,NNAISENSE,16,True,True,,,NNAISENSE,4,2,6,2.4696786305151606,6,False,0.25,0.125,0.375,3.0000000000000004,4.0,2.0,7.319175045627885,4.999999999999999,3.162277660168379,False,False,False,False,False,False,3.0,4.0,2.0,4.0,5.0,5.0,3.0,4.0,2.0,4.0,5.0,5.0
deepneuronic,3.0,7.0,3.0,4.0,3.0,1.0,DeepNeuronic,16,True,True,,,DeepNeuronic,3,2,5,2.129921427112782,6,False,0.1875,0.125,0.3125,3.0000000000000004,6.999999999999999,3.0000000000000004,1.8297937614069713,3.0000000000000004,2.529822128134703,False,False,False,False,False,False,3.0,7.0,3.0,1.0,3.0,4.0,3.0,7.0,3.0,1.0,3.0,4.0
15213340,1.0,3.0,0.0,,,,MindTitan,16,True,False,,,MindTitan,1,1,2,4.192962712629476,3,False,0.0625,0.0625,0.125,1.0,3.0000000000000004,0.5,,,,False,False,True,False,False,False,1.0,3.0,0.0,,,,1.0,3.0,0.5,,,
prioritytechnologies8,0.0,0.0,0.0,,,,Priority Technologies,16,True,False,,,Priority Technologies,0,0,0,1.0,3,False,0.0,0.0,0.0,0.5,0.5,0.5,,,,True,True,True,False,False,False,0.0,0.0,0.0,,,,0.5,0.5,0.5,,,
techno-pro-india,0.0,0.0,0.0,,,,TechnoPro India,15,True,False,,,TechnoPro India,0,0,0,1.0,3,False,0.0,0.0,0.0,0.5,0.5,0.5,,,,True,True,True,False,False,False,0.0,0.0,0.0,,,,0.5,0.5,0.5,,,
xpertdataworks,0.0,0.0,0.0,,,,Xpert Data Works,15,True,False,,,Xpert Data Works,0,0,0,1.0,3,False,0.0,0.0,0.0,0.5,0.5,0.5,,,,True,True,True,False,False,False,0.0,0.0,0.0,,,,0.5,0.5,0.5,,,
craftworks-gmbh,0.0,0.0,0.0,1.0,,,craftworks,15,True,False,,,craftworks,0,0,1,1.178805066911298,4,False,0.0,0.0,0.06666666666666667,0.5,0.5,0.5,,,0.6324555320336759,True,True,True,False,False,False,0.0,0.0,0.0,,,1.0,0.5,0.5,0.5,,,1.0
seedbox-ventures,1.0,1.0,1.0,,,,Seedbox,15,True,False,,,Seedbox,1,1,1,1.0,3,False,0.06666666666666667,0.06666666666666667,0.06666666666666667,1.0,1.0,1.0,,,,False,False,False,False,False,False,1.0,1.0,1.0,,,,1.0,1.0,1.0,,,
aitil,0.0,0.0,0.0,,,,AITIL,15,True,False,,,AITIL,0,0,0,1.0,3,False,0.0,0.0,0.0,0.5,0.5,0.5,,,,True,True,True,False,False,False,0.0,0.0,0.0,,,,0.5,0.5,0.5,,,
68326,0.0,0.0,0.0,,,,Sigma Software,15,True,False,,,Sigma Software,0,0,0,1.0,3,False,0.0,0.0,0.0,0.5,0.5,0.5,,,,True,True,True,False,False,False,0.0,0.0,0.0,,,,0.5,0.5,0.5,,,
plantechdev,0.0,1.0,0.0,,,,Plantech,14,True,False,,,Plantech,0,0,1,1.7411011265922482,3,False,0.0,0.0,0.07142857142857142,0.5,1.0,0.5,,,,True,False,True,False,False,False,0.0,1.0,0.0,,,,0.5,1.0,0.5,,,
cybersift.io,1.0,0.0,0.0,,,,Cybersift,14,True,False,,,Cybersift,0,0,1,1.7411011265922482,3,False,0.0,0.0,0.07142857142857142,1.0,0.5,0.5,,,,False,True,True,False,False,False,1.0,0.0,0.0,,,,1.0,0.5,0.5,,,
pentadata,0.0,0.0,0.0,,,,Pentadata Infokom Persada,14,True,False,,,Pentadata Infokom Persada,0,0,0,1.0,3,False,0.0,0.0,0.0,0.5,0.5,0.5,,,,True,True,True,False,False,False,0.0,0.0,0.0,,,,0.5,0.5,0.5,,,
talentech-digital-llc,2.0,0.0,0.0,,,,TalenTech Digital,14,True,False,,,TalenTech Digital,0,0,2,3.0314331330207964,3,True,0.0,0.0,0.14285714285714285,2.0,0.5,0.5,,,,False,True,True,False,False,False,2.0,0.0,0.0,,,,2.0,0.5,0.5,,,
bds-chile,0.0,0.0,0.0,,,,Business Data Solutions,13,True,False,,,Business Data Solutions,0,0,0,1.0,3,False,0.0,0.0,0.0,0.5,0.5,0.5,,,,True,True,True,False,False,False,0.0,0.0,0.0,,,,0.5,0.5,0.5,,,
deepmetis,0.0,0.0,0.0,2.0,1.0,,DeepMetis,13,True,False,,,DeepMetis,0,0,1,2.3028518032526493,5,False,0.0,0.0,0.07692307692307693,0.5,0.5,0.5,,1.0,1.2649110640673518,True,True,True,False,False,False,0.0,0.0,0.0,,1.0,2.0,0.5,0.5,0.5,,1.0,2.0
idalab-gmbh,0.0,2.0,0.0,1.0,1.0,,idalab,13,True,False,,,idalab,1,0,2,3.0314331330207964,5,True,0.07692307692307693,0.0,0.15384615384615385,0.5,2.0,0.5,,1.0,0.6324555320336759,True,False,True,False,False,False,0.0,2.0,0.0,,1.0,1.0,0.5,2.0,0.5,,1.0,1.0
nibgat,0.0,0.0,0.0,,,,NİBGAT®,12,True,False,,,NİBGAT®,0,0,0,1.0,3,False,0.0,0.0,0.0,0.5,0.5,0.5,,,,True,True,True,False,False,False,0.0,0.0,0.0,,,,0.5,0.5,0.5,,,
2118,1.0,1.0,1.0,,,,Isazi Consulting,12,True,False,,,Isazi Consulting,1,1,1,1.0,3,False,0.08333333333333333,0.08333333333333333,0.08333333333333333,1.0,1.0,1.0,,,,False,False,False,False,False,False,1.0,1.0,1.0,,,,1.0,1.0,1.0,,,
latamdigi,0.0,0.0,0.0,,,,Latam Digital,12,True,False,,,Latam Digital,0,0,0,1.0,3,False,0.0,0.0,0.0,0.5,0.5,0.5,,,,True,True,True,False,False,False,0.0,0.0,0.0,,,,0.5,0.5,0.5,,,
ai-superior,5.0,1.0,0.0,1.0,1.0,,AI Superior,12,True,True,,,AI Superior,1,1,3,4.781762498950185,5,True,0.08333333333333333,0.08333333333333333,0.25,4.999999999999999,1.0,0.5,,1.0,0.6324555320336759,False,False,True,False,False,False,5.0,1.0,0.0,,1.0,1.0,5.0,1.0,0.5,,1.0,1.0
saige-research,1.0,0.0,1.0,,,,Saige Research,12,True,False,,,Saige Research,1,1,1,1.7411011265922482,3,False,0.08333333333333333,0.08333333333333333,0.08333333333333333,1.0,0.5,1.0,,,,False,True,False,False,False,False,1.0,0.0,1.0,,,,1.0,0.5,1.0,,,
kineo-ai,2.0,1.0,0.0,1.0,1.0,,kineo.ai,12,True,False,,,kineo.ai,1,1,2,2.75945932292243,5,False,0.08333333333333333,0.08333333333333333,0.16666666666666666,2.0,1.0,0.5,,1.0,0.6324555320336759,False,False,True,False,False,False,2.0,1.0,0.0,,1.0,1.0,2.0,1.0,0.5,,1.0,1.0
irrevo,0.0,0.0,0.0,,,,Irrevo,12,True,False,,,Irrevo,0,0,0,1.0,3,False,0.0,0.0,0.0,0.5,0.5,0.5,,,,True,True,True,False,False,False,0.0,0.0,0.0,,,,0.5,0.5,0.5,,,
sharpware,1.0,0.0,0.0,,,,Sharpware,12,True,False,,,Sharpware,0,0,1,1.7411011265922482,3,False,0.0,0.0,0.08333333333333333,1.0,0.5,0.5,,,,False,True,True,False,False,False,1.0,0.0,0.0,,,,1.0,0.5,0.5,,,
sr-international-inc,0.0,0.0,0.0,,,,SR International,12,True,False,,,SR International,0,0,0,1.0,3,False,0.0,0.0,0.0,0.5,0.5,0.5,,,,True,True,True,False,False,False,0.0,0.0,0.0,,,,0.5,0.5,0.5,,,
overcode.tech,0.0,0.0,0.0,,,,OVERCODE,12,True,False,,,OVERCODE,0,0,0,1.0,3,False,0.0,0.0,0.0,0.5,0.5,0.5,,,,True,True,True,False,False,False,0.0,0.0,0.0,,,,0.5,0.5,0.5,,,
augur-it-consulting,0.0,0.0,0.0,,,,Augur IT Consulting,12,True,False,,,Augur IT Consulting,0,0,0,1.0,3,False,0.0,0.0,0.0,0.5,0.5,0.5,,,,True,True,True,False,False,False,0.0,0.0,0.0,,,,0.5,0.5,0.5,,,
gamax-laboratory-solutions,0.0,0.0,0.0,,,,Gamax Laboratory Solutions,11,True,False,,,Gamax Laboratory Solutions,0,0,0,1.0,3,False,0.0,0.0,0.0,0.5,0.5,0.5,,,,True,True,True,False,False,False,0.0,0.0,0.0,,,,0.5,0.5,0.5,,,
boltzbit,4.0,2.0,1.0,1.0,1.0,1.0,Boltzbit,11,True,False,,,Boltzbit,1,1,3,3.5565588200778455,6,False,0.09090909090909091,0.09090909090909091,0.2727272727272727,4.0,2.0,1.0,1.8297937614069713,1.0,0.6324555320336759,False,False,False,False,False,False,4.0,2.0,1.0,1.0,1.0,1.0,4.0,2.0,1.0,1.0,1.0,1.0
themoonshotfactory,1.0,0.0,0.0,,,,The Moonshot Factory,11,True,False,,,The Moonshot Factory,0,0,1,1.7411011265922482,3,False,0.0,0.0,0.09090909090909091,1.0,0.5,0.5,,,,False,True,True,False,False,False,1.0,0.0,0.0,,,,1.0,0.5,0.5,,,
analytics-town,0.0,0.0,0.0,,,,Analytics Town,11,True,False,,,Analytics Town,0,0,0,1.0,3,False,0.0,0.0,0.0,0.5,0.5,0.5,,,,True,True,True,False,False,False,0.0,0.0,0.0,,,,0.5,0.5,0.5,,,
intelligichain,0.0,0.0,0.0,2.0,,,IntelligiChain,11,True,False,,,IntelligiChain,0,0,1,1.9149744808711489,4,False,0.0,0.0,0.09090909090909091,0.5,0.5,0.5,,,1.2649110640673518,True,True,True,False,False,False,0.0,0.0,0.0,,,2.0,0.5,0.5,0.5,,,2.0
cst-global-llc,0.0,0.0,0.0,,,,ClearSource,11,True,False,,,ClearSource,0,0,0,1.0,3,False,0.0,0.0,0.0,0.5,0.5,0.5,,,,True,True,True,False,False,False,0.0,0.0,0.0,,,,0.5,0.5,0.5,,,
kapahi-industries-private-limited,0.0,0.0,0.0,,,,Kapahi Industries,10,True,False,,,Kapahi Industries,0,0,0,1.0,3,False,0.0,0.0,0.0,0.5,0.5,0.5,,,,True,True,True,False,False,False,0.0,0.0,0.0,,,,0.5,0.5,0.5,,,
www-doublecheckconsulting-com,0.0,0.0,0.0,,,,Double Check Consulting,10,True,False,,,Double Check Consulting,0,0,0,1.0,3,False,0.0,0.0,0.0,0.5,0.5,0.5,,,,True,True,True,False,False,False,0.0,0.0,0.0,,,,0.5,0.5,0.5,,,
chi-squarex,4.0,3.0,1.0,,,,Chi SquareX,10,True,False,,,Chi SquareX,3,1,4,3.0314331330207964,3,False,0.3,0.1,0.4,4.0,3.0000000000000004,1.0,,,,False,False,False,False,False,False,4.0,3.0,1.0,,,,4.0,3.0,1.0,,,
1314,1.0,1.0,0.0,,,,Polixir,10,True,False,,,Polixir,1,1,1,1.7411011265922482,3,False,0.1,0.1,0.1,1.0,1.0,0.5,,,,False,False,True,False,False,False,1.0,1.0,0.0,,,,1.0,1.0,0.5,,,
kmeleontech,2.0,1.0,0.0,,,,Kmeleon,10,True,False,,,Kmeleon,1,1,2,3.0314331330207964,3,False,0.1,0.1,0.2,2.0,1.0,0.5,,,,False,False,True,False,False,False,2.0,1.0,0.0,,,,2.0,1.0,0.5,,,
1415,1.0,0.0,0.0,,,,Royal Caliber,10,True,False,,,Royal Caliber,0,0,1,1.7411011265922482,3,False,0.0,0.0,0.1,1.0,0.5,0.5,,,,False,True,True,False,False,False,1.0,0.0,0.0,,,,1.0,0.5,0.5,,,
hyquest-consulting-solutions-llc,0.0,0.0,0.0,,,,HyQuest Consulting Solutions,9,False,False,,,HyQuest Consulting Solutions,0,0,0,1.0,3,False,0.0,0.0,0.0,0.5,0.5,0.5,,,,True,True,True,False,False,False,0.0,0.0,0.0,,,,0.5,0.5,0.5,,,
rbc-group,0.0,0.0,0.0,,,,RBC Group,9,False,False,,,RBC Group,0,0,0,1.0,3,False,0.0,0.0,0.0,0.5,0.5,0.5,,,,True,True,True,False,False,False,0.0,0.0,0.0,,,,0.5,0.5,0.5,,,
2049,0.0,0.0,0.0,,,,we-do.ai,9,False,False,,,we-do.ai,0,0,0,1.0,3,False,0.0,0.0,0.0,0.5,0.5,0.5,,,,True,True,True,False,False,False,0.0,0.0,0.0,,,,0.5,0.5,0.5,,,
strong-analytics,3.0,1.0,1.0,1.0,2.0,1.0,Strong Analytics,9,False,False,,,Strong Analytics,1,1,2,3.0800702882410227,6,False,0.1111111111111111,0.1111111111111111,0.2222222222222222,3.0000000000000004,1.0,1.0,1.8297937614069713,2.0,0.6324555320336759,False,False,False,False,False,False,3.0,1.0,1.0,1.0,2.0,1.0,3.0,1.0,1.0,1.0,2.0,1.0
muons-technology,0.0,0.0,0.0,,,,Muons Technology,8,False,False,,,Muons Technology,0,0,0,1.0,3,False,0.0,0.0,0.0,0.5,0.5,0.5,,,,True,True,True,False,False,False,0.0,0.0,0.0,,,,0.5,0.5,0.5,,,
data-sleek,0.0,0.0,0.0,,,,Data-Sleek,8,False,False,,,Data-Sleek,0,0,0,1.0,3,False,0.0,0.0,0.0,0.5,0.5,0.5,,,,True,True,True,False,False,False,0.0,0.0,0.0,,,,0.5,0.5,0.5,,,
courart-inform-tica-ltda,0.0,0.0,0.0,,,,Courart Informática,8,False,False,,,Courart Informática,0,0,0,1.0,3,False,0.0,0.0,0.0,0.5,0.5,0.5,,,,True,True,True,False,False,False,0.0,0.0,0.0,,,,0.5,0.5,0.5,,,
thinking-machines-data-science,0.0,0.0,0.0,,,,Thinking Machines,8,False,False,,,Thinking Machines,0,0,0,1.0,3,False,0.0,0.0,0.0,0.5,0.5,0.5,,,,True,True,True,False,False,False,0.0,0.0,0.0,,,,0.5,0.5,0.5,,,
ignous,0.0,0.0,0.0,,,,Ignous,8,False,False,,,Ignous,0,0,0,1.0,3,False,0.0,0.0,0.0,0.5,0.5,0.5,,,,True,True,True,False,False,False,0.0,0.0,0.0,,,,0.5,0.5,0.5,,,
lukasa-llc,0.0,0.0,0.0,,,,Lukasa,8,False,False,,,Lukasa,0,0,0,1.0,3,False,0.0,0.0,0.0,0.5,0.5,0.5,,,,True,True,True,False,False,False,0.0,0.0,0.0,,,,0.5,0.5,0.5,,,
gefatec-sistemas-software-e-consultoria,0.0,0.0,0.0,,,,Gefatec,7,False,False,,,Gefatec,0,0,0,1.0,3,False,0.0,0.0,0.0,0.5,0.5,0.5,,,,True,True,True,False,False,False,0.0,0.0,0.0,,,,0.5,0.5,0.5,,,
1903,0.0,0.0,0.0,,,,H&W Consulting,7,False,False,,,H&W Consulting,0,0,0,1.0,3,False,0.0,0.0,0.0,0.5,0.5,0.5,,,,True,True,True,False,False,False,0.0,0.0,0.0,,,,0.5,0.5,0.5,,,
1856,0.0,0.0,0.0,,,,數辰創藝科技股份有限公司,7,False,False,,,數辰創藝科技股份有限公司,0,0,0,1.0,3,False,0.0,0.0,0.0,0.5,0.5,0.5,,,,True,True,True,False,False,False,0.0,0.0,0.0,,,,0.5,0.5,0.5,,,
digiwisehub,0.0,0.0,0.0,,,,Digiwise,7,False,False,,,Digiwise,0,0,0,1.0,3,False,0.0,0.0,0.0,0.5,0.5,0.5,,,,True,True,True,False,False,False,0.0,0.0,0.0,,,,0.5,0.5,0.5,,,
609,0.0,0.0,0.0,,,,NEC Research Institute,7,False,False,,,NEC Research Institute,0,0,0,1.0,3,False,0.0,0.0,0.0,0.5,0.5,0.5,,,,True,True,True,False,False,False,0.0,0.0,0.0,,,,0.5,0.5,0.5,,,
eigen-partners,0.0,0.0,0.0,,,,Eigen partners,7,False,False,,,Eigen partners,0,0,0,1.0,3,False,0.0,0.0,0.0,0.5,0.5,0.5,,,,True,True,True,False,False,False,0.0,0.0,0.0,,,,0.5,0.5,0.5,,,
qexpert,0.0,0.0,0.0,,,,Qexpert,6,False,False,,,Qexpert,0,0,0,1.0,3,False,0.0,0.0,0.0,0.5,0.5,0.5,,,,True,True,True,False,False,False,0.0,0.0,0.0,,,,0.5,0.5,0.5,,,
vertex-laboratories,0.0,0.0,0.0,,,,Vertex Laboratories,6,False,False,,,Vertex Laboratories,0,0,0,1.0,3,False,0.0,0.0,0.0,0.5,0.5,0.5,,,,True,True,True,False,False,False,0.0,0.0,0.0,,,,0.5,0.5,0.5,,,
one-logic-gmbh,0.0,0.0,0.0,,,,ONE LOGIC,6,False,False,,,ONE LOGIC,0,0,0,1.0,3,False,0.0,0.0,0.0,0.5,0.5,0.5,,,,True,True,True,False,False,False,0.0,0.0,0.0,,,,0.5,0.5,0.5,,,
springbok-ai,0.0,0.0,0.0,,,,Springbok AI,6,False,False,,,Springbok AI,0,0,0,1.0,3,False,0.0,0.0,0.0,0.5,0.5,0.5,,,,True,True,True,False,False,False,0.0,0.0,0.0,,,,0.5,0.5,0.5,,,
information-workers-group,0.0,0.0,0.0,,,,Information Workers Group,6,False,False,,,Information Workers Group,0,0,0,1.0,3,False,0.0,0.0,0.0,0.5,0.5,0.5,,,,True,True,True,False,False,False,0.0,0.0,0.0,,,,0.5,0.5,0.5,,,
toncent-information-technology-services-shenzhen-co--ltd,0.0,0.0,0.0,,,,Toncent Information Technology Service,6,False,False,,,Toncent Information Technology Service,0,0,0,1.0,3,False,0.0,0.0,0.0,0.5,0.5,0.5,,,,True,True,True,False,False,False,0.0,0.0,0.0,,,,0.5,0.5,0.5,,,
new-outcome,0.0,0.0,0.0,,,,New Outcome,5,False,False,,,New Outcome,0,0,0,1.0,3,False,0.0,0.0,0.0,0.5,0.5,0.5,,,,True,True,True,False,False,False,0.0,0.0,0.0,,,,0.5,0.5,0.5,,,
accordbgroup,7.0,0.0,0.0,2.0,1.0,,Accord Business Group,5,False,True,,,Accord Business Group,1,0,4,7.0617577658039785,5,True,0.2,0.0,0.8,6.999999999999999,0.5,0.5,,1.0,1.2649110640673518,False,True,True,False,False,False,7.0,0.0,0.0,,1.0,2.0,7.0,0.5,0.5,,1.0,2.0
genia-latinoam%C3%A9rica,0.0,2.0,0.0,,,,GENIA,5,False,False,,,GENIA,0,0,2,3.0314331330207964,3,True,0.0,0.0,0.4,0.5,2.0,0.5,,,,True,False,True,False,False,False,0.0,2.0,0.0,,,,0.5,2.0,0.5,,,
pbq-oilfield-services,0.0,0.0,0.0,,,,PBQ Oilfield Services,5,False,False,,,PBQ Oilfield Services,0,0,0,1.0,3,False,0.0,0.0,0.0,0.5,0.5,0.5,,,,True,True,True,False,False,False,0.0,0.0,0.0,,,,0.5,0.5,0.5,,,
arena-technologies,0.0,0.0,0.0,,,,Arena Technologies,5,False,False,,,Arena Technologies,0,0,0,1.0,3,False,0.0,0.0,0.0,0.5,0.5,0.5,,,,True,True,True,False,False,False,0.0,0.0,0.0,,,,0.5,0.5,0.5,,,
tmltlabs,0.0,0.0,0.0,2.0,,,Tumult Labs,5,False,False,,,Tumult Labs,0,0,1,1.9149744808711489,4,False,0.0,0.0,0.2,0.5,0.5,0.5,,,1.2649110640673518,True,True,True,False,False,False,0.0,0.0,0.0,,,2.0,0.5,0.5,0.5,,,2.0
allogic-tecnologia,0.0,0.0,0.0,,,,Allogic Tecnologia,5,False,False,,,Allogic Tecnologia,0,0,0,1.0,3,False,0.0,0.0,0.0,0.5,0.5,0.5,,,,True,True,True,False,False,False,0.0,0.0,0.0,,,,0.5,0.5,0.5,,,
azati-corporation,0.0,1.0,0.0,2.0,,,Azati Corporation,4,False,False,,,Azati Corporation,1,0,1,2.357610133822596,4,False,0.25,0.0,0.25,0.5,1.0,0.5,,,1.2649110640673518,True,False,True,False,False,False,0.0,1.0,0.0,,,2.0,0.5,1.0,0.5,,,2.0
taristechnologies,0.0,0.0,0.0,,,,Taris Technologies,4,False,False,,,Taris Technologies,0,0,0,1.0,3,False,0.0,0.0,0.0,0.5,0.5,0.5,,,,True,True,True,False,False,False,0.0,0.0,0.0,,,,0.5,0.5,0.5,,,
finolity,0.0,0.0,0.0,,,,Finolity Consultancy Services,4,False,False,,,Finolity Consultancy Services,0,0,0,1.0,3,False,0.0,0.0,0.0,0.5,0.5,0.5,,,,True,True,True,False,False,False,0.0,0.0,0.0,,,,0.5,0.5,0.5,,,
iinumbers,0.0,1.0,0.0,,,,iiNumbers,4,False,False,,,iiNumbers,0,0,1,1.7411011265922482,3,False,0.0,0.0,0.25,0.5,1.0,0.5,,,,True,False,True,False,False,False,0.0,1.0,0.0,,,,0.5,1.0,0.5,,,
youneed-s.a.s,0.0,0.0,0.0,,,,YouNeeD,4,False,False,,,YouNeeD,0,0,0,1.0,3,False,0.0,0.0,0.0,0.5,0.5,0.5,,,,True,True,True,False,False,False,0.0,0.0,0.0,,,,0.5,0.5,0.5,,,
hydromind-group,0.0,1.0,0.0,,,,HydroMind,4,False,False,,,HydroMind,0,0,1,1.7411011265922482,3,False,0.0,0.0,0.25,0.5,1.0,0.5,,,,True,False,True,False,False,False,0.0,1.0,0.0,,,,0.5,1.0,0.5,,,
it-consulting-gp,0.0,0.0,0.0,,,,IT Consulting Group,3,False,False,,,IT Consulting Group,0,0,0,1.0,3,False,0.0,0.0,0.0,0.5,0.5,0.5,,,,True,True,True,False,False,False,0.0,0.0,0.0,,,,0.5,0.5,0.5,,,
solid-software-solutions,0.0,0.0,0.0,,,,Solid Software Solutions,3,False,False,,,Solid Software Solutions,0,0,0,1.0,3,False,0.0,0.0,0.0,0.5,0.5,0.5,,,,True,True,True,False,False,False,0.0,0.0,0.0,,,,0.5,0.5,0.5,,,
flowplus-helping-you-work-smarter,0.0,0.0,0.0,,,,FlowPlus,3,False,False,,,FlowPlus,0,0,0,1.0,3,False,0.0,0.0,0.0,0.5,0.5,0.5,,,,True,True,True,False,False,False,0.0,0.0,0.0,,,,0.5,0.5,0.5,,,
tqcs,0.0,0.0,0.0,,,,The Quantitative Consulting & Solutions,3,False,False,,,The Quantitative Consulting & Solutions,0,0,0,1.0,3,False,0.0,0.0,0.0,0.5,0.5,0.5,,,,True,True,True,False,False,False,0.0,0.0,0.0,,,,0.5,0.5,0.5,,,
2142,0.0,0.0,0.0,,,,Downtown Consulting,3,False,False,,,Downtown Consulting,0,0,0,1.0,3,False,0.0,0.0,0.0,0.5,0.5,0.5,,,,True,True,True,False,False,False,0.0,0.0,0.0,,,,0.5,0.5,0.5,,,
jdsc,0.0,0.0,0.0,4.0,,,Japan Data Science Consortium,3,False,False,,,Japan Data Science Consortium,0,0,2,3.110885222097258,4,True,0.0,0.0,0.6666666666666666,0.5,0.5,0.5,,,2.529822128134703,True,True,True,False,False,False,0.0,0.0,0.0,,,4.0,0.5,0.5,0.5,,,4.0
xaigi-technology-inc,6.0,0.0,0.0,2.0,1.0,,Xaigi Technology,3,False,True,,,Xaigi Technology,1,0,3,6.437907647998606,5,True,0.3333333333333333,0.0,1.0,6.0,0.5,0.5,,1.0,1.2649110640673518,False,True,True,False,False,False,6.0,0.0,0.0,,1.0,2.0,6.0,0.5,0.5,,1.0,2.0
aiqrate,0.0,0.0,0.0,,,,AIQRATE,3,False,False,,,AIQRATE,0,0,0,1.0,3,False,0.0,0.0,0.0,0.5,0.5,0.5,,,,True,True,True,False,False,False,0.0,0.0,0.0,,,,0.5,0.5,0.5,,,
q-noon,0.0,0.0,0.0,,,,Q-Noon,3,False,False,,,Q-Noon,0,0,0,1.0,3,False,0.0,0.0,0.0,0.5,0.5,0.5,,,,True,True,True,False,False,False,0.0,0.0,0.0,,,,0.5,0.5,0.5,,,
-.technology-sarl,0.0,0.0,0.0,,,,Technology,3,False,False,,,Technology,0,0,0,1.0,3,False,0.0,0.0,0.0,0.5,0.5,0.5,,,,True,True,True,False,False,False,0.0,0.0,0.0,,,,0.5,0.5,0.5,,,
evergopartners,0.0,0.0,0.0,,,,Evergo,3,False,False,,,Evergo,0,0,0,1.0,3,False,0.0,0.0,0.0,0.5,0.5,0.5,,,,True,True,True,False,False,False,0.0,0.0,0.0,,,,0.5,0.5,0.5,,,
sevn3-ai,0.0,0.0,0.0,,,,Sevn3.ai,2,False,False,,,Sevn3.ai,0,0,0,1.0,3,False,0.0,0.0,0.0,0.5,0.5,0.5,,,,True,True,True,False,False,False,0.0,0.0,0.0,,,,0.5,0.5,0.5,,,
airesearchcorp,1.0,0.0,0.0,,,,AI Research,2,False,False,,,AI Research,0,0,1,1.7411011265922482,3,False,0.0,0.0,0.5,1.0,0.5,0.5,,,,False,True,True,False,False,False,1.0,0.0,0.0,,,,1.0,0.5,0.5,,,
amplient-labs,1.0,0.0,0.0,,,,Amplient Labs,2,False,False,,,Amplient Labs,0,0,1,1.7411011265922482,3,False,0.0,0.0,0.5,1.0,0.5,0.5,,,,False,True,True,False,False,False,1.0,0.0,0.0,,,,1.0,0.5,0.5,,,
2331,0.0,0.0,0.0,,,,Webpragma,2,False,False,,,Webpragma,0,0,0,1.0,3,False,0.0,0.0,0.0,0.5,0.5,0.5,,,,True,True,True,False,False,False,0.0,0.0,0.0,,,,0.5,0.5,0.5,,,
elementai,0.0,0.0,0.0,,,,Element AI,2,False,False,,,Element AI,0,0,0,1.0,3,False,0.0,0.0,0.0,0.5,0.5,0.5,,,,True,True,True,False,False,False,0.0,0.0,0.0,,,,0.5,0.5,0.5,,,
1966,0.0,0.0,0.0,,,,EXCEEDDATA,2,False,False,,,EXCEEDDATA,0,0,0,1.0,3,False,0.0,0.0,0.0,0.5,0.5,0.5,,,,True,True,True,False,False,False,0.0,0.0,0.0,,,,0.5,0.5,0.5,,,
resileo-labs,0.0,0.0,0.0,,,,Resileo,2,False,False,,,Resileo,0,0,0,1.0,3,False,0.0,0.0,0.0,0.5,0.5,0.5,,,,True,True,True,False,False,False,0.0,0.0,0.0,,,,0.5,0.5,0.5,,,
makesai,0.0,0.0,0.0,2.0,1.0,,Makes.ai,2,False,False,,,Makes.ai,0,0,1,2.3028518032526493,5,False,0.0,0.0,0.5,0.5,0.5,0.5,,1.0,1.2649110640673518,True,True,True,False,False,False,0.0,0.0,0.0,,1.0,2.0,0.5,0.5,0.5,,1.0,2.0
data-cowboys-llc,0.0,0.0,0.0,,,,Data Cowboys,2,False,False,,,Data Cowboys,0,0,0,1.0,3,False,0.0,0.0,0.0,0.5,0.5,0.5,,,,True,True,True,False,False,False,0.0,0.0,0.0,,,,0.5,0.5,0.5,,,
2439,0.0,0.0,0.0,,,,Exometrics,2,False,False,,,Exometrics,0,0,0,1.0,3,False,0.0,0.0,0.0,0.5,0.5,0.5,,,,True,True,True,False,False,False,0.0,0.0,0.0,,,,0.5,0.5,0.5,,,
kantic-analytics,0.0,1.0,0.0,,,,Kantic Analytics,2,False,False,,,Kantic Analytics,0,0,1,1.7411011265922482,3,False,0.0,0.0,0.5,0.5,1.0,0.5,,,,True,False,True,False,False,False,0.0,1.0,0.0,,,,0.5,1.0,0.5,,,
aiso-lab,1.0,0.0,0.0,,,,aiso-lab,2,False,False,,,aiso-lab,0,0,1,1.7411011265922482,3,False,0.0,0.0,0.5,1.0,0.5,0.5,,,,False,True,True,False,False,False,1.0,0.0,0.0,,,,1.0,0.5,0.5,,,
2393,0.0,0.0,0.0,,,,Pathway Intelligence,2,False,False,,,Pathway Intelligence,0,0,0,1.0,3,False,0.0,0.0,0.0,0.5,0.5,0.5,,,,True,True,True,False,False,False,0.0,0.0,0.0,,,,0.5,0.5,0.5,,,
albitech-consulting-oy,0.0,0.0,0.0,,,,Albitech Consulting,2,False,False,,,Albitech Consulting,0,0,0,1.0,3,False,0.0,0.0,0.0,0.5,0.5,0.5,,,,True,True,True,False,False,False,0.0,0.0,0.0,,,,0.5,0.5,0.5,,,
linkup-studio,0.0,0.0,0.0,,,,LinkUp Studio,2,False,False,,,LinkUp Studio,0,0,0,1.0,3,False,0.0,0.0,0.0,0.5,0.5,0.5,,,,True,True,True,False,False,False,0.0,0.0,0.0,,,,0.5,0.5,0.5,,,
stowe-research-international-inc,0.0,0.0,0.0,,,,Stowe Research International,2,False,False,,,Stowe Research International,0,0,0,1.0,3,False,0.0,0.0,0.0,0.5,0.5,0.5,,,,True,True,True,False,False,False,0.0,0.0,0.0,,,,0.5,0.5,0.5,,,
inftech-gmbh,0.0,0.0,0.0,,,,Inftech,2,False,False,,,Inftech,0,0,0,1.0,3,False,0.0,0.0,0.0,0.5,0.5,0.5,,,,True,True,True,False,False,False,0.0,0.0,0.0,,,,0.5,0.5,0.5,,,
hubthunder,0.0,0.0,0.0,,,,HubThunder,1,False,False,,,HubThunder,0,0,0,1.0,3,False,0.0,0.0,0.0,0.5,0.5,0.5,,,,True,True,True,False,False,False,0.0,0.0,0.0,,,,0.5,0.5,0.5,,,
1396,0.0,0.0,0.0,,,,"Strategic Machine, Inc.",1,False,False,,,"Strategic Machine, Inc.",0,0,0,1.0,3,False,0.0,0.0,0.0,0.5,0.5,0.5,,,,True,True,True,False,False,False,0.0,0.0,0.0,,,,0.5,0.5,0.5,,,
aitnco,0.0,0.0,0.0,,,,AITN,1,False,False,,,AITN,0,0,0,1.0,3,False,0.0,0.0,0.0,0.5,0.5,0.5,,,,True,True,True,False,False,False,0.0,0.0,0.0,,,,0.5,0.5,0.5,,,
knowm-inc,0.0,0.0,0.0,,,,Knowm,1,False,False,,,Knowm,0,0,0,1.0,3,False,0.0,0.0,0.0,0.5,0.5,0.5,,,,True,True,True,False,False,False,0.0,0.0,0.0,,,,0.5,0.5,0.5,,,
genysolutions,0.0,0.0,0.0,,,,Gen Y Solutions,1,False,False,,,Gen Y Solutions,0,0,0,1.0,3,False,0.0,0.0,0.0,0.5,0.5,0.5,,,,True,True,True,False,False,False,0.0,0.0,0.0,,,,0.5,0.5,0.5,,,
ted-rpa-data,0.0,0.0,0.0,,,,TED Consulting,1,False,False,,,TED Consulting,0,0,0,1.0,3,False,0.0,0.0,0.0,0.5,0.5,0.5,,,,True,True,True,False,False,False,0.0,0.0,0.0,,,,0.5,0.5,0.5,,,
2691,0.0,0.0,0.0,,,,Pttrner,1,False,False,,,Pttrner,0,0,0,1.0,3,False,0.0,0.0,0.0,0.5,0.5,0.5,,,,True,True,True,False,False,False,0.0,0.0,0.0,,,,0.5,0.5,0.5,,,
developower-inc,0.0,0.0,0.0,,,,Developower,1,False,False,,,Developower,0,0,0,1.0,3,False,0.0,0.0,0.0,0.5,0.5,0.5,,,,True,True,True,False,False,False,0.0,0.0,0.0,,,,0.5,0.5,0.5,,,
2163,0.0,0.0,0.0,,,,StatHack,1,False,False,,,StatHack,0,0,0,1.0,3,False,0.0,0.0,0.0,0.5,0.5,0.5,,,,True,True,True,False,False,False,0.0,0.0,0.0,,,,0.5,0.5,0.5,,,
cantabpi,0.0,2.0,0.0,1.0,,,CantabPi,1,False,False,,,CantabPi,1,0,1,2.831783137536552,4,True,1.0,0.0,1.0,0.5,2.0,0.5,,,0.6324555320336759,True,False,True,False,False,False,0.0,2.0,0.0,,,1.0,0.5,2.0,0.5,,,1.0
eoda-gmbh,0.0,0.0,0.0,,,,eoda,1,False,False,,,eoda,0,0,0,1.0,3,False,0.0,0.0,0.0,0.5,0.5,0.5,,,,True,True,True,False,False,False,0.0,0.0,0.0,,,,0.5,0.5,0.5,,,
tarahai,0.0,0.0,0.0,,1.0,,Tarah AI,1,False,False,,,Tarah AI,0,0,1,1.6245047927124712,4,False,0.0,0.0,1.0,0.5,0.5,0.5,,1.0,,True,True,True,False,False,False,0.0,0.0,0.0,,1.0,,0.5,0.5,0.5,,1.0,
exvy,1.0,0.0,0.0,,,,exvy,1,False,False,,,exvy,0,0,1,1.7411011265922482,3,False,0.0,0.0,1.0,1.0,0.5,0.5,,,,False,True,True,False,False,False,1.0,0.0,0.0,,,,1.0,0.5,0.5,,,
2319,0.0,0.0,0.0,,,,Intrinsic Algorithm,1,False,False,,,Intrinsic Algorithm,0,0,0,1.0,3,False,0.0,0.0,0.0,0.5,0.5,0.5,,,,True,True,True,False,False,False,0.0,0.0,0.0,,,,0.5,0.5,0.5,,,
alexander-thamm-gmbh,1.0,0.0,0.0,17.0,7.0,2.0,Alexander Thamm,1,False,True,,,Alexander Thamm,2,0,9,17.350758866632596,6,True,2.0,0.0,9.0,1.0,0.5,0.5,3.659587522813943,6.999999999999999,10.75174404457249,False,True,True,False,False,False,1.0,0.0,0.0,2.0,7.0,17.0,1.0,0.5,0.5,2.0,7.0,17.0
numericube,0.0,0.0,0.0,,,,NUMERICUBE,1,False,False,,,NUMERICUBE,0,0,0,1.0,3,False,0.0,0.0,0.0,0.5,0.5,0.5,,,,True,True,True,False,False,False,0.0,0.0,0.0,,,,0.5,0.5,0.5,,,
lipon-technologies,0.0,0.0,0.0,,,,Lipon Technologies,1,False,False,,,Lipon Technologies,0,0,0,1.0,3,False,0.0,0.0,0.0,0.5,0.5,0.5,,,,True,True,True,False,False,False,0.0,0.0,0.0,,,,0.5,0.5,0.5,,,
chapelhilltech,0.0,0.0,0.0,,,,Chapel Hill Tech,1,False,False,,,Chapel Hill Tech,0,0,0,1.0,3,False,0.0,0.0,0.0,0.5,0.5,0.5,,,,True,True,True,False,False,False,0.0,0.0,0.0,,,,0.5,0.5,0.5,,,
2470,0.0,0.0,0.0,,,,Rubentis,0,False,False,,,Rubentis,0,0,0,1.0,3,False,,,,0.5,0.5,0.5,,,,True,True,True,False,False,False,0.0,0.0,0.0,,,,0.5,0.5,0.5,,,
211,0.0,0.0,0.0,,,,Technologies,0,False,False,,,Technologies,0,0,0,1.0,3,False,,,,0.5,0.5,0.5,,,,True,True,True,False,False,False,0.0,0.0,0.0,,,,0.5,0.5,0.5,,,
2334,0.0,0.0,0.0,,,,ROA Intelligence,0,False,False,,,ROA Intelligence,0,0,0,1.0,3,False,,,,0.5,0.5,0.5,,,,True,True,True,False,False,False,0.0,0.0,0.0,,,,0.5,0.5,0.5,,,
geeks-data-consulting,0.0,0.0,0.0,,,,Geeks Data Consulting,0,False,False,,,Geeks Data Consulting,0,0,0,1.0,3,False,,,,0.5,0.5,0.5,,,,True,True,True,False,False,False,0.0,0.0,0.0,,,,0.5,0.5,0.5,,,
1770,0.0,0.0,0.0,,,,curious.ai,0,False,False,,,curious.ai,0,0,0,1.0,3,False,,,,0.5,0.5,0.5,,,,True,True,True,False,False,False,0.0,0.0,0.0,,,,0.5,0.5,0.5,,,
1824,0.0,0.0,0.0,,,,Xihu Xinchen,0,False,False,,,Xihu Xinchen,0,0,0,1.0,3,False,,,,0.5,0.5,0.5,,,,True,True,True,False,False,False,0.0,0.0,0.0,,,,0.5,0.5,0.5,,,
bit-addict,0.0,0.0,0.0,1.0,,,BitAddict AB,0,False,False,,,BitAddict AB,0,0,1,1.178805066911298,4,False,,,,0.5,0.5,0.5,,,0.6324555320336759,True,True,True,False,False,False,0.0,0.0,0.0,,,1.0,0.5,0.5,0.5,,,1.0
2016,0.0,0.0,0.0,,,,ANewD.ai,0,False,False,,,ANewD.ai,0,0,0,1.0,3,False,,,,0.5,0.5,0.5,,,,True,True,True,False,False,False,0.0,0.0,0.0,,,,0.5,0.5,0.5,,,
inavan,3.0,2.0,1.0,2.0,1.0,1.0,Inavan India Technologies,0,False,False,,,Inavan India Technologies,2,1,2,2.449489742783178,6,False,,,,3.0000000000000004,2.0,1.0,1.8297937614069713,1.0,1.2649110640673518,False,False,False,False,False,False,3.0,2.0,1.0,1.0,1.0,2.0,3.0,2.0,1.0,1.0,1.0,2.0
nivonexus,0.0,0.0,0.0,,,,NivoNexus,0,False,False,,,NivoNexus,0,0,0,1.0,3,False,,,,0.5,0.5,0.5,,,,True,True,True,False,False,False,0.0,0.0,0.0,,,,0.5,0.5,0.5,,,
redmaxx,0.0,0.0,0.0,,,,RedMaxx Consultoria,0,False,False,,,RedMaxx Consultoria,0,0,0,1.0,3,False,,,,0.5,0.5,0.5,,,,True,True,True,False,False,False,0.0,0.0,0.0,,,,0.5,0.5,0.5,,,
inttaocorp,0.0,0.0,0.0,,,,Inttao,0,False,False,,,Inttao,0,0,0,1.0,3,False,,,,0.5,0.5,0.5,,,,True,True,True,False,False,False,0.0,0.0,0.0,,,,0.5,0.5,0.5,,,
next%27s,0.0,0.0,0.0,,,,NeXT'S,0,False,False,,,NeXT'S,0,0,0,1.0,3,False,,,,0.5,0.5,0.5,,,,True,True,True,False,False,False,0.0,0.0,0.0,,,,0.5,0.5,0.5,,,
automators,0.0,0.0,0.0,,,,Automators GmbH,0,False,False,,,Automators GmbH,0,0,0,1.0,3,False,,,,0.5,0.5,0.5,,,,True,True,True,False,False,False,0.0,0.0,0.0,,,,0.5,0.5,0.5,,,
10801448,0.0,0.0,0.0,,,,Defour Analytics Pvt. Ltd.,0,False,False,,,Defour Analytics Pvt. Ltd.,0,0,0,1.0,3,False,,,,0.5,0.5,0.5,,,,True,True,True,False,False,False,0.0,0.0,0.0,,,,0.5,0.5,0.5,,,
argonaut-ai,0.0,0.0,0.0,,,,Argonaut AI,0,False,False,,,Argonaut AI,0,0,0,1.0,3,False,,,,0.5,0.5,0.5,,,,True,True,True,False,False,False,0.0,0.0,0.0,,,,0.5,0.5,0.5,,,
machinelearningsolutions,0.0,0.0,0.0,,,,Machine Learning Solutions,0,False,False,,,Machine Learning Solutions,0,0,0,1.0,3,False,,,,0.5,0.5,0.5,,,,True,True,True,False,False,False,0.0,0.0,0.0,,,,0.5,0.5,0.5,,,
2675,0.0,0.0,0.0,,,,Boostalgo,0,False,False,,,Boostalgo,0,0,0,1.0,3,False,,,,0.5,0.5,0.5,,,,True,True,True,False,False,False,0.0,0.0,0.0,,,,0.5,0.5,0.5,,,
1842,0.0,0.0,0.0,,,,AROUSAL Tech.,0,False,False,,,AROUSAL Tech.,0,0,0,1.0,3,False,,,,0.5,0.5,0.5,,,,True,True,True,False,False,False,0.0,0.0,0.0,,,,0.5,0.5,0.5,,,
spectra-analytics,0.0,0.0,0.0,,,,Spectra Analytics,0,False,False,,,Spectra Analytics,0,0,0,1.0,3,False,,,,0.5,0.5,0.5,,,,True,True,True,False,False,False,0.0,0.0,0.0,,,,0.5,0.5,0.5,,,
aritaweb-inc,0.0,0.0,0.0,,,,AritaWeb Inc.,0,False,False,,,AritaWeb Inc.,0,0,0,1.0,3,False,,,,0.5,0.5,0.5,,,,True,True,True,False,False,False,0.0,0.0,0.0,,,,0.5,0.5,0.5,,,
globe-geosolution-private-limited,0.0,0.0,0.0,,,,Globe Geosolution,0,False,False,,,Globe Geosolution,0,0,0,1.0,3,False,,,,0.5,0.5,0.5,,,,True,True,True,False,False,False,0.0,0.0,0.0,,,,0.5,0.5,0.5,,,
innovacio-technology,1.0,1.0,0.0,,,,Innovacio Technologies,0,False,False,,,Innovacio Technologies,1,1,1,1.7411011265922482,3,False,,,,1.0,1.0,0.5,,,,False,False,True,False,False,False,1.0,1.0,0.0,,,,1.0,1.0,0.5,,,
%E5%90%88%E8%82%A5%E6%96%A1%E4%BA%BF%E4%BF%A1%E6%81%AF%E7%A7%91%E6%8A%80%E6%9C%89%E9%99%90%E5%85%AC%E5%8F%B8,0.0,0.0,0.0,,,,Woyitech.com,0,False,False,,,Woyitech.com,0,0,0,1.0,3,False,,,,0.5,0.5,0.5,,,,True,True,True,False,False,False,0.0,0.0,0.0,,,,0.5,0.5,0.5,,,
rk-software-services-llc,0.0,0.0,0.0,,,,RK Software Services,0,False,False,,,RK Software Services,0,0,0,1.0,3,False,,,,0.5,0.5,0.5,,,,True,True,True,False,False,False,0.0,0.0,0.0,,,,0.5,0.5,0.5,,,
visual-it-solutions-pvt-ltd,1.0,0.0,0.0,,,,Visual IT Solutions,0,False,False,,,Visual IT Solutions,0,0,1,1.7411011265922482,3,False,,,,1.0,0.5,0.5,,,,False,True,True,False,False,False,1.0,0.0,0.0,,,,1.0,0.5,0.5,,,
biz-conexi%C3%B3n-digital,0.0,0.0,0.0,,,,Biz Digital Connection,0,False,False,,,Biz Digital Connection,0,0,0,1.0,3,False,,,,0.5,0.5,0.5,,,,True,True,True,False,False,False,0.0,0.0,0.0,,,,0.5,0.5,0.5,,,
1275,0.0,0.0,0.0,,,,USC,0,False,False,,,USC,0,0,0,1.0,3,False,,,,0.5,0.5,0.5,,,,True,True,True,False,False,False,0.0,0.0,0.0,,,,0.5,0.5,0.5,,,
hatchworks,4.0,2.0,0.0,,,,HatchWorks,0,False,False,,,HatchWorks,2,1,3,5.278031643091577,3,True,,,,4.0,2.0,0.5,,,,False,False,True,False,False,False,4.0,2.0,0.0,,,,4.0,2.0,0.5,,,
%EF%BC%88%E6%A0%AA%EF%BC%89%E3%82%B7%E3%83%BC%E3%83%93%E3%83%BC%E3%82%A8%E3%82%B9%E3%83%AA%E3%82%B5%E3%83%BC%E3%83%81,0.0,0.0,0.0,,,,Computer Business System Research,0,False,False,,,Computer Business System Research,0,0,0,1.0,3,False,,,,0.5,0.5,0.5,,,,True,True,True,False,False,False,0.0,0.0,0.0,,,,0.5,0.5,0.5,,,
